
APIx — Airfare Price Index      base 2026-09-01 = 100
method: weighted Jevons on minimum logical fares, seat-weighted, min 3 obs/cell

  day              APIx   routes  cells     obs   by lead time
  2026-09-01     100.00        6     30    2040   T+1 100.0  T+7 100.0  T+15 100.0  T+30 100.0  T+45 100.0
  2026-09-02      82.00 *      5      5   15779   T+1 82.0

  PROVISIONAL APIx = 82.00   (-18.00% against base)
  coverage: 46.5% of basket weight, 1 lead-time bucket(s)
  not published as headline: 46% of basket weight (needs 60%); 1 lead-time bucket(s) (needs 3)
  largest movers: BOM-BLR 35.8 (-64.2)   MAA-DEL 93.1 (-6.9)   DEL-BOM 103.2 (+3.2)   DEL-CCU 98.2 (-1.8)

  * provisional — coverage below publication threshold
Traceback (most recent call last):
  File "/home/ajeet/SIH/airfare-scraper/../engine/engine.py", line 232, in <module>
    raise SystemExit(main())
  File "/home/ajeet/SIH/airfare-scraper/../engine/engine.py", line 226, in main
    client.table("apix_daily").upsert(payload, on_conflict="day").execute()
  File "/home/ajeet/.local/lib/python3.9/site-packages/postgrest/_sync/request_builder.py", line 96, in execute
    raise APIError(dict(json_obj))
postgrest.exceptions.APIError: {'message': "Could not find the table 'public.apix_daily' in the schema cache", 'code': 'PGRST205', 'hint': "Perhaps you meant the table 'public.fares_daily'", 'details': None}

APIx — Airfare Price Index      base 2026-09-01 = 100
method: weighted Jevons on minimum logical fares, seat-weighted, min 3 obs/cell

  day              APIx   routes  cells     obs   by lead time
  2026-09-01     100.00        6     30    2040   T+1 100.0  T+7 100.0  T+15 100.0  T+30 100.0  T+45 100.0
  2026-09-02      82.00 *      5      5   15779   T+1 82.0
  2026-09-03     111.15 *      3      3     110   T+1 111.15

  PROVISIONAL APIx = 111.15   (+11.15% against base)
  coverage: 34.8% of basket weight, 1 lead-time bucket(s)
  not published as headline: 35% of basket weight (needs 60%); 1 lead-time bucket(s) (needs 3)
  largest movers: BOM-BLR 116.4 (+16.4)   DEL-BOM 115.2 (+15.2)   DEL-BLR 101.6 (+1.6)

  * provisional — coverage below publication threshold
Traceback (most recent call last):
  File "/home/ajeet/SIH/airfare-scraper/../engine/engine.py", line 232, in <module>
    raise SystemExit(main())
  File "/home/ajeet/SIH/airfare-scraper/../engine/engine.py", line 226, in main
    client.table("apix_daily").upsert(payload, on_conflict="day").execute()
  File "/home/ajeet/.local/lib/python3.9/site-packages/postgrest/_sync/request_builder.py", line 96, in execute
    raise APIError(dict(json_obj))
postgrest.exceptions.APIError: {'message': "Could not find the table 'public.apix_daily' in the schema cache", 'code': 'PGRST205', 'hint': "Perhaps you meant the table 'public.fares_daily'", 'details': None}

APIx — Airfare Price Index      base 2026-09-01 = 100
method: weighted Jevons on minimum logical fares, seat-weighted, min 3 obs/cell

  day              APIx   routes  cells     obs   by lead time
  2026-09-01     100.00        6     30    2040   T+1 100.0  T+7 100.0  T+15 100.0  T+30 100.0  T+45 100.0
  2026-09-02      82.00 *      5      5   15779   T+1 82.0
  2026-09-03     110.53 *      3      3     212   T+1 110.53

  PROVISIONAL APIx = 110.53   (+10.53% against base)
  coverage: 34.8% of basket weight, 1 lead-time bucket(s)
  not published as headline: 35% of basket weight (needs 60%); 1 lead-time bucket(s) (needs 3)
  largest movers: BOM-BLR 116.4 (+16.4)   DEL-BOM 113.7 (+13.7)   DEL-BLR 101.6 (+1.6)

  * provisional — coverage below publication threshold
Traceback (most recent call last):
  File "/home/ajeet/SIH/airfare-scraper/../engine/engine.py", line 232, in <module>
    raise SystemExit(main())
  File "/home/ajeet/SIH/airfare-scraper/../engine/engine.py", line 226, in main
    client.table("apix_daily").upsert(payload, on_conflict="day").execute()
  File "/home/ajeet/.local/lib/python3.9/site-packages/postgrest/_sync/request_builder.py", line 96, in execute
    raise APIError(dict(json_obj))
postgrest.exceptions.APIError: {'message': "Could not find the table 'public.apix_daily' in the schema cache", 'code': 'PGRST205', 'hint': "Perhaps you meant the table 'public.fares_daily'", 'details': None}

APIx — Airfare Price Index      base 2026-09-01 = 100
method: weighted Jevons on minimum logical fares, seat-weighted, min 3 obs/cell

  day              APIx   routes  cells     obs   by lead time
  2026-09-01     100.00        6     30    2040   T+1 100.0  T+7 100.0  T+15 100.0  T+30 100.0  T+45 100.0
  2026-09-02      82.00 *      5      5   15779   T+1 82.0
  2026-09-03     107.82 *      3      3     318   T+1 107.82

  PROVISIONAL APIx = 107.82   (+7.82% against base)
  coverage: 34.8% of basket weight, 1 lead-time bucket(s)
  not published as headline: 35% of basket weight (needs 60%); 1 lead-time bucket(s) (needs 3)
  largest movers: BOM-BLR 116.4 (+16.4)   DEL-BOM 107.5 (+7.5)   DEL-BLR 101.6 (+1.6)

  * provisional — coverage below publication threshold
Traceback (most recent call last):
  File "/home/ajeet/SIH/airfare-scraper/../engine/engine.py", line 232, in <module>
    raise SystemExit(main())
  File "/home/ajeet/SIH/airfare-scraper/../engine/engine.py", line 226, in main
    client.table("apix_daily").upsert(payload, on_conflict="day").execute()
  File "/home/ajeet/.local/lib/python3.9/site-packages/postgrest/_sync/request_builder.py", line 96, in execute
    raise APIError(dict(json_obj))
postgrest.exceptions.APIError: {'message': "Could not find the table 'public.apix_daily' in the schema cache", 'code': 'PGRST205', 'hint': "Perhaps you meant the table 'public.fares_daily'", 'details': None}

APIx — Airfare Price Index      base 2026-09-01 = 100
method: weighted Jevons on minimum logical fares, seat-weighted, min 3 obs/cell

  day              APIx   routes  cells     obs   by lead time
  2026-09-01     100.00        6     30    2040   T+1 100.0  T+7 100.0  T+15 100.0  T+30 100.0  T+45 100.0
  2026-09-02      82.00 *      5      5   15779   T+1 82.0
  2026-09-03     104.45 *      3      3     427   T+1 104.45

  PROVISIONAL APIx = 104.45   (+4.45% against base)
  coverage: 34.8% of basket weight, 1 lead-time bucket(s)
  not published as headline: 35% of basket weight (needs 60%); 1 lead-time bucket(s) (needs 3)
  largest movers: BOM-BLR 116.4 (+16.4)   DEL-BLR 101.6 (+1.6)   DEL-BOM 99.9 (-0.1)

  * provisional — coverage below publication threshold
Traceback (most recent call last):
  File "/home/ajeet/SIH/airfare-scraper/../engine/engine.py", line 232, in <module>
    raise SystemExit(main())
  File "/home/ajeet/SIH/airfare-scraper/../engine/engine.py", line 226, in main
    client.table("apix_daily").upsert(payload, on_conflict="day").execute()
  File "/home/ajeet/.local/lib/python3.9/site-packages/postgrest/_sync/request_builder.py", line 96, in execute
    raise APIError(dict(json_obj))
postgrest.exceptions.APIError: {'message': "Could not find the table 'public.apix_daily' in the schema cache", 'code': 'PGRST205', 'hint': "Perhaps you meant the table 'public.fares_daily'", 'details': None}

APIx — Airfare Price Index      base 2026-09-01 = 100
method: weighted Jevons on minimum logical fares, seat-weighted, min 3 obs/cell

  day              APIx   routes  cells     obs   by lead time
  2026-09-01     100.00        6     30    2040   T+1 100.0  T+7 100.0  T+15 100.0  T+30 100.0  T+45 100.0
  2026-09-02      82.00 *      5      5   15779   T+1 82.0
  2026-09-03     101.44 *      3      3     535   T+1 101.44

  PROVISIONAL APIx = 101.44   (+1.44% against base)
  coverage: 34.8% of basket weight, 1 lead-time bucket(s)
  not published as headline: 35% of basket weight (needs 60%); 1 lead-time bucket(s) (needs 3)
  largest movers: BOM-BLR 103.9 (+3.9)   DEL-BLR 101.6 (+1.6)   DEL-BOM 99.9 (-0.1)

  * provisional — coverage below publication threshold
Traceback (most recent call last):
  File "/home/ajeet/SIH/airfare-scraper/../engine/engine.py", line 232, in <module>
    raise SystemExit(main())
  File "/home/ajeet/SIH/airfare-scraper/../engine/engine.py", line 226, in main
    client.table("apix_daily").upsert(payload, on_conflict="day").execute()
  File "/home/ajeet/.local/lib/python3.9/site-packages/postgrest/_sync/request_builder.py", line 96, in execute
    raise APIError(dict(json_obj))
postgrest.exceptions.APIError: {'message': "Could not find the table 'public.apix_daily' in the schema cache", 'code': 'PGRST205', 'hint': "Perhaps you meant the table 'public.fares_daily'", 'details': None}

APIx — Airfare Price Index      base 2026-09-01 = 100
method: weighted Jevons on minimum logical fares, seat-weighted, min 3 obs/cell

  day              APIx   routes  cells     obs   by lead time
  2026-09-01     100.00        6     30    2040   T+1 100.0  T+7 100.0  T+15 100.0  T+30 100.0  T+45 100.0
  2026-09-02      82.00 *      5      5   15779   T+1 82.0
  2026-09-03      93.61 *      3      3     651   T+1 93.61

  PROVISIONAL APIx = 93.61   (-6.39% against base)
  coverage: 34.8% of basket weight, 1 lead-time bucket(s)
  not published as headline: 35% of basket weight (needs 60%); 1 lead-time bucket(s) (needs 3)
  largest movers: DEL-BLR 78.1 (-21.9)   BOM-BLR 103.9 (+3.9)   DEL-BOM 99.9 (-0.1)

  * provisional — coverage below publication threshold
Traceback (most recent call last):
  File "/home/ajeet/SIH/airfare-scraper/../engine/engine.py", line 232, in <module>
    raise SystemExit(main())
  File "/home/ajeet/SIH/airfare-scraper/../engine/engine.py", line 226, in main
    client.table("apix_daily").upsert(payload, on_conflict="day").execute()
  File "/home/ajeet/.local/lib/python3.9/site-packages/postgrest/_sync/request_builder.py", line 96, in execute
    raise APIError(dict(json_obj))
postgrest.exceptions.APIError: {'message': "Could not find the table 'public.apix_daily' in the schema cache", 'code': 'PGRST205', 'hint': "Perhaps you meant the table 'public.fares_daily'", 'details': None}

APIx — Airfare Price Index      base 2026-09-01 = 100
method: weighted Jevons on minimum logical fares, seat-weighted, min 3 obs/cell

  day              APIx   routes  cells     obs   by lead time
  2026-09-01     100.00        6     30    2040   T+1 100.0  T+7 100.0  T+15 100.0  T+30 100.0  T+45 100.0
  2026-09-02      82.00 *      5      5   15779   T+1 82.0
  2026-09-03      93.61 *      3      3     767   T+1 93.61

  PROVISIONAL APIx = 93.61   (-6.39% against base)
  coverage: 34.8% of basket weight, 1 lead-time bucket(s)
  not published as headline: 35% of basket weight (needs 60%); 1 lead-time bucket(s) (needs 3)
  largest movers: DEL-BLR 78.1 (-21.9)   BOM-BLR 103.9 (+3.9)   DEL-BOM 99.9 (-0.1)

  * provisional — coverage below publication threshold
Traceback (most recent call last):
  File "/home/ajeet/SIH/airfare-scraper/../engine/engine.py", line 232, in <module>
    raise SystemExit(main())
  File "/home/ajeet/SIH/airfare-scraper/../engine/engine.py", line 226, in main
    client.table("apix_daily").upsert(payload, on_conflict="day").execute()
  File "/home/ajeet/.local/lib/python3.9/site-packages/postgrest/_sync/request_builder.py", line 96, in execute
    raise APIError(dict(json_obj))
postgrest.exceptions.APIError: {'message': "Could not find the table 'public.apix_daily' in the schema cache", 'code': 'PGRST205', 'hint': "Perhaps you meant the table 'public.fares_daily'", 'details': None}

APIx — Airfare Price Index      base 2026-09-01 = 100
method: weighted Jevons on minimum logical fares, seat-weighted, min 3 obs/cell

  day              APIx   routes  cells     obs   by lead time
  2026-09-01     100.00        6     30    2040   T+1 100.0  T+7 100.0  T+15 100.0  T+30 100.0  T+45 100.0
  2026-09-02      82.00 *      5      5   15779   T+1 82.0
  2026-09-03      93.61 *      3      3     877   T+1 93.61

  PROVISIONAL APIx = 93.61   (-6.39% against base)
  coverage: 34.8% of basket weight, 1 lead-time bucket(s)
  not published as headline: 35% of basket weight (needs 60%); 1 lead-time bucket(s) (needs 3)
  largest movers: DEL-BLR 78.1 (-21.9)   BOM-BLR 103.9 (+3.9)   DEL-BOM 99.9 (-0.1)

  * provisional — coverage below publication threshold
Traceback (most recent call last):
  File "/home/ajeet/SIH/airfare-scraper/../engine/engine.py", line 232, in <module>
    raise SystemExit(main())
  File "/home/ajeet/SIH/airfare-scraper/../engine/engine.py", line 226, in main
    client.table("apix_daily").upsert(payload, on_conflict="day").execute()
  File "/home/ajeet/.local/lib/python3.9/site-packages/postgrest/_sync/request_builder.py", line 96, in execute
    raise APIError(dict(json_obj))
postgrest.exceptions.APIError: {'message': "Could not find the table 'public.apix_daily' in the schema cache", 'code': 'PGRST205', 'hint': "Perhaps you meant the table 'public.fares_daily'", 'details': None}

APIx — Airfare Price Index      base 2026-09-01 = 100
method: weighted Jevons on minimum logical fares, seat-weighted, min 3 obs/cell

  day              APIx   routes  cells     obs   by lead time
  2026-09-01     100.00        6     30    2040   T+1 100.0  T+7 100.0  T+15 100.0  T+30 100.0  T+45 100.0
  2026-09-02      82.00 *      5      5   15779   T+1 82.0
  2026-09-03      93.61 *      3      3     983   T+1 93.61

  PROVISIONAL APIx = 93.61   (-6.39% against base)
  coverage: 34.8% of basket weight, 1 lead-time bucket(s)
  not published as headline: 35% of basket weight (needs 60%); 1 lead-time bucket(s) (needs 3)
  largest movers: DEL-BLR 78.1 (-21.9)   BOM-BLR 103.9 (+3.9)   DEL-BOM 99.9 (-0.1)

  * provisional — coverage below publication threshold
Traceback (most recent call last):
  File "/home/ajeet/SIH/airfare-scraper/../engine/engine.py", line 232, in <module>
    raise SystemExit(main())
  File "/home/ajeet/SIH/airfare-scraper/../engine/engine.py", line 226, in main
    client.table("apix_daily").upsert(payload, on_conflict="day").execute()
  File "/home/ajeet/.local/lib/python3.9/site-packages/postgrest/_sync/request_builder.py", line 96, in execute
    raise APIError(dict(json_obj))
postgrest.exceptions.APIError: {'message': "Could not find the table 'public.apix_daily' in the schema cache", 'code': 'PGRST205', 'hint': "Perhaps you meant the table 'public.fares_daily'", 'details': None}

APIx — Airfare Price Index      base 2026-09-01 = 100
method: weighted Jevons on minimum logical fares, seat-weighted, min 3 obs/cell

  day              APIx   routes  cells     obs   by lead time
  2026-09-01     100.00        6     30    2040   T+1 100.0  T+7 100.0  T+15 100.0  T+30 100.0  T+45 100.0
  2026-09-02      82.00 *      5      5   15779   T+1 82.0
  2026-09-03      93.61 *      3      3    1095   T+1 93.61

  PROVISIONAL APIx = 93.61   (-6.39% against base)
  coverage: 34.8% of basket weight, 1 lead-time bucket(s)
  not published as headline: 35% of basket weight (needs 60%); 1 lead-time bucket(s) (needs 3)
  largest movers: DEL-BLR 78.1 (-21.9)   BOM-BLR 103.9 (+3.9)   DEL-BOM 99.9 (-0.1)

  * provisional — coverage below publication threshold
Traceback (most recent call last):
  File "/home/ajeet/SIH/airfare-scraper/../engine/engine.py", line 232, in <module>
    raise SystemExit(main())
  File "/home/ajeet/SIH/airfare-scraper/../engine/engine.py", line 226, in main
    client.table("apix_daily").upsert(payload, on_conflict="day").execute()
  File "/home/ajeet/.local/lib/python3.9/site-packages/postgrest/_sync/request_builder.py", line 96, in execute
    raise APIError(dict(json_obj))
postgrest.exceptions.APIError: {'message': "Could not find the table 'public.apix_daily' in the schema cache", 'code': 'PGRST205', 'hint': "Perhaps you meant the table 'public.fares_daily'", 'details': None}

APIx — Airfare Price Index      base 2026-09-01 = 100
method: weighted Jevons on minimum logical fares, seat-weighted, min 3 obs/cell

  day              APIx   routes  cells     obs   by lead time
  2026-09-01     100.00        6     30    2040   T+1 100.0  T+7 100.0  T+15 100.0  T+30 100.0  T+45 100.0
  2026-09-02      82.00 *      5      5   15779   T+1 82.0
  2026-09-03      93.61 *      3      3    1207   T+1 93.61

  PROVISIONAL APIx = 93.61   (-6.39% against base)
  coverage: 34.8% of basket weight, 1 lead-time bucket(s)
  not published as headline: 35% of basket weight (needs 60%); 1 lead-time bucket(s) (needs 3)
  largest movers: DEL-BLR 78.1 (-21.9)   BOM-BLR 103.9 (+3.9)   DEL-BOM 99.9 (-0.1)

  * provisional — coverage below publication threshold
Traceback (most recent call last):
  File "/home/ajeet/SIH/airfare-scraper/../engine/engine.py", line 232, in <module>
    raise SystemExit(main())
  File "/home/ajeet/SIH/airfare-scraper/../engine/engine.py", line 226, in main
    client.table("apix_daily").upsert(payload, on_conflict="day").execute()
  File "/home/ajeet/.local/lib/python3.9/site-packages/postgrest/_sync/request_builder.py", line 96, in execute
    raise APIError(dict(json_obj))
postgrest.exceptions.APIError: {'message': "Could not find the table 'public.apix_daily' in the schema cache", 'code': 'PGRST205', 'hint': "Perhaps you meant the table 'public.fares_daily'", 'details': None}

APIx — Airfare Price Index      base 2026-09-01 = 100
method: weighted Jevons on minimum logical fares, seat-weighted, min 3 obs/cell

  day              APIx   routes  cells     obs   by lead time
  2026-09-01     100.00        6     30    2040   T+1 100.0  T+7 100.0  T+15 100.0  T+30 100.0  T+45 100.0
  2026-09-02      82.00 *      5      5   15779   T+1 82.0
  2026-09-03      93.61 *      3      3    1321   T+1 93.61

  PROVISIONAL APIx = 93.61   (-6.39% against base)
  coverage: 34.8% of basket weight, 1 lead-time bucket(s)
  not published as headline: 35% of basket weight (needs 60%); 1 lead-time bucket(s) (needs 3)
  largest movers: DEL-BLR 78.1 (-21.9)   BOM-BLR 103.9 (+3.9)   DEL-BOM 99.9 (-0.1)

  * provisional — coverage below publication threshold
Traceback (most recent call last):
  File "/home/ajeet/SIH/airfare-scraper/../engine/engine.py", line 232, in <module>
    raise SystemExit(main())
  File "/home/ajeet/SIH/airfare-scraper/../engine/engine.py", line 226, in main
    client.table("apix_daily").upsert(payload, on_conflict="day").execute()
  File "/home/ajeet/.local/lib/python3.9/site-packages/postgrest/_sync/request_builder.py", line 96, in execute
    raise APIError(dict(json_obj))
postgrest.exceptions.APIError: {'message': "Could not find the table 'public.apix_daily' in the schema cache", 'code': 'PGRST205', 'hint': "Perhaps you meant the table 'public.fares_daily'", 'details': None}

APIx — Airfare Price Index      base 2026-09-01 = 100
method: weighted Jevons on minimum logical fares, seat-weighted, min 3 obs/cell

  day              APIx   routes  cells     obs   by lead time
  2026-09-01     100.00        6     30    2040   T+1 100.0  T+7 100.0  T+15 100.0  T+30 100.0  T+45 100.0
  2026-09-02      82.00 *      5      5   15779   T+1 82.0
  2026-09-03      93.61 *      3      3    1430   T+1 93.61

  PROVISIONAL APIx = 93.61   (-6.39% against base)
  coverage: 34.8% of basket weight, 1 lead-time bucket(s)
  not published as headline: 35% of basket weight (needs 60%); 1 lead-time bucket(s) (needs 3)
  largest movers: DEL-BLR 78.1 (-21.9)   BOM-BLR 103.9 (+3.9)   DEL-BOM 99.9 (-0.1)

  * provisional — coverage below publication threshold
Traceback (most recent call last):
  File "/home/ajeet/SIH/airfare-scraper/../engine/engine.py", line 232, in <module>
    raise SystemExit(main())
  File "/home/ajeet/SIH/airfare-scraper/../engine/engine.py", line 226, in main
    client.table("apix_daily").upsert(payload, on_conflict="day").execute()
  File "/home/ajeet/.local/lib/python3.9/site-packages/postgrest/_sync/request_builder.py", line 96, in execute
    raise APIError(dict(json_obj))
postgrest.exceptions.APIError: {'message': "Could not find the table 'public.apix_daily' in the schema cache", 'code': 'PGRST205', 'hint': "Perhaps you meant the table 'public.fares_daily'", 'details': None}

APIx — Airfare Price Index      base 2026-09-01 = 100
method: weighted Jevons on minimum logical fares, seat-weighted, min 3 obs/cell

  day              APIx   routes  cells     obs   by lead time
  2026-09-01     100.00        6     30    2040   T+1 100.0  T+7 100.0  T+15 100.0  T+30 100.0  T+45 100.0
  2026-09-02      82.00 *      5      5   15779   T+1 82.0
  2026-09-03      93.61 *      3      3    1539   T+1 93.61

  PROVISIONAL APIx = 93.61   (-6.39% against base)
  coverage: 34.8% of basket weight, 1 lead-time bucket(s)
  not published as headline: 35% of basket weight (needs 60%); 1 lead-time bucket(s) (needs 3)
  largest movers: DEL-BLR 78.1 (-21.9)   BOM-BLR 103.9 (+3.9)   DEL-BOM 99.9 (-0.1)

  * provisional — coverage below publication threshold
Traceback (most recent call last):
  File "/home/ajeet/SIH/airfare-scraper/../engine/engine.py", line 232, in <module>
    raise SystemExit(main())
  File "/home/ajeet/SIH/airfare-scraper/../engine/engine.py", line 226, in main
    client.table("apix_daily").upsert(payload, on_conflict="day").execute()
  File "/home/ajeet/.local/lib/python3.9/site-packages/postgrest/_sync/request_builder.py", line 96, in execute
    raise APIError(dict(json_obj))
postgrest.exceptions.APIError: {'message': "Could not find the table 'public.apix_daily' in the schema cache", 'code': 'PGRST205', 'hint': "Perhaps you meant the table 'public.fares_daily'", 'details': None}

APIx — Airfare Price Index      base 2026-09-01 = 100
method: weighted Jevons on minimum logical fares, seat-weighted, min 3 obs/cell

  day              APIx   routes  cells     obs   by lead time
  2026-09-01     100.00        6     30    2040   T+1 100.0  T+7 100.0  T+15 100.0  T+30 100.0  T+45 100.0
  2026-09-02      82.00 *      5      5   15779   T+1 82.0
  2026-09-03      93.61 *      3      3    1650   T+1 93.61

  PROVISIONAL APIx = 93.61   (-6.39% against base)
  coverage: 34.8% of basket weight, 1 lead-time bucket(s)
  not published as headline: 35% of basket weight (needs 60%); 1 lead-time bucket(s) (needs 3)
  largest movers: DEL-BLR 78.1 (-21.9)   BOM-BLR 103.9 (+3.9)   DEL-BOM 99.9 (-0.1)

  * provisional — coverage below publication threshold
Traceback (most recent call last):
  File "/home/ajeet/SIH/airfare-scraper/../engine/engine.py", line 232, in <module>
    raise SystemExit(main())
  File "/home/ajeet/SIH/airfare-scraper/../engine/engine.py", line 226, in main
    client.table("apix_daily").upsert(payload, on_conflict="day").execute()
  File "/home/ajeet/.local/lib/python3.9/site-packages/postgrest/_sync/request_builder.py", line 96, in execute
    raise APIError(dict(json_obj))
postgrest.exceptions.APIError: {'message': "Could not find the table 'public.apix_daily' in the schema cache", 'code': 'PGRST205', 'hint': "Perhaps you meant the table 'public.fares_daily'", 'details': None}

APIx — Airfare Price Index      base 2026-09-01 = 100
method: weighted Jevons on minimum logical fares, seat-weighted, min 3 obs/cell

  day              APIx   routes  cells     obs   by lead time
  2026-09-01     100.00        6     30    2040   T+1 100.0  T+7 100.0  T+15 100.0  T+30 100.0  T+45 100.0
  2026-09-02      82.00 *      5      5   15779   T+1 82.0
  2026-09-03      93.61 *      3      3    1759   T+1 93.61

  PROVISIONAL APIx = 93.61   (-6.39% against base)
  coverage: 34.8% of basket weight, 1 lead-time bucket(s)
  not published as headline: 35% of basket weight (needs 60%); 1 lead-time bucket(s) (needs 3)
  largest movers: DEL-BLR 78.1 (-21.9)   BOM-BLR 103.9 (+3.9)   DEL-BOM 99.9 (-0.1)

  * provisional — coverage below publication threshold
Traceback (most recent call last):
  File "/home/ajeet/SIH/airfare-scraper/../engine/engine.py", line 232, in <module>
    raise SystemExit(main())
  File "/home/ajeet/SIH/airfare-scraper/../engine/engine.py", line 226, in main
    client.table("apix_daily").upsert(payload, on_conflict="day").execute()
  File "/home/ajeet/.local/lib/python3.9/site-packages/postgrest/_sync/request_builder.py", line 96, in execute
    raise APIError(dict(json_obj))
postgrest.exceptions.APIError: {'message': "Could not find the table 'public.apix_daily' in the schema cache", 'code': 'PGRST205', 'hint': "Perhaps you meant the table 'public.fares_daily'", 'details': None}

APIx — Airfare Price Index      base 2026-09-01 = 100
method: weighted Jevons on minimum logical fares, seat-weighted, min 3 obs/cell

  day              APIx   routes  cells     obs   by lead time
  2026-09-01     100.00        6     30    2040   T+1 100.0  T+7 100.0  T+15 100.0  T+30 100.0  T+45 100.0
  2026-09-02      82.00 *      5      5   15779   T+1 82.0
  2026-09-03      93.61 *      3      3    1868   T+1 93.61

  PROVISIONAL APIx = 93.61   (-6.39% against base)
  coverage: 34.8% of basket weight, 1 lead-time bucket(s)
  not published as headline: 35% of basket weight (needs 60%); 1 lead-time bucket(s) (needs 3)
  largest movers: DEL-BLR 78.1 (-21.9)   BOM-BLR 103.9 (+3.9)   DEL-BOM 99.9 (-0.1)

  * provisional — coverage below publication threshold
Traceback (most recent call last):
  File "/home/ajeet/SIH/airfare-scraper/../engine/engine.py", line 232, in <module>
    raise SystemExit(main())
  File "/home/ajeet/SIH/airfare-scraper/../engine/engine.py", line 226, in main
    client.table("apix_daily").upsert(payload, on_conflict="day").execute()
  File "/home/ajeet/.local/lib/python3.9/site-packages/postgrest/_sync/request_builder.py", line 96, in execute
    raise APIError(dict(json_obj))
postgrest.exceptions.APIError: {'message': "Could not find the table 'public.apix_daily' in the schema cache", 'code': 'PGRST205', 'hint': "Perhaps you meant the table 'public.fares_daily'", 'details': None}

APIx — Airfare Price Index      base 2026-09-01 = 100
method: weighted Jevons on minimum logical fares, seat-weighted, min 3 obs/cell

  day              APIx   routes  cells     obs   by lead time
  2026-09-01     100.00        6     30    2040   T+1 100.0  T+7 100.0  T+15 100.0  T+30 100.0  T+45 100.0
  2026-09-02      82.00 *      5      5   15779   T+1 82.0
  2026-09-03      93.61 *      3      3    1974   T+1 93.61

  PROVISIONAL APIx = 93.61   (-6.39% against base)
  coverage: 34.8% of basket weight, 1 lead-time bucket(s)
  not published as headline: 35% of basket weight (needs 60%); 1 lead-time bucket(s) (needs 3)
  largest movers: DEL-BLR 78.1 (-21.9)   BOM-BLR 103.9 (+3.9)   DEL-BOM 99.9 (-0.1)

  * provisional — coverage below publication threshold
Traceback (most recent call last):
  File "/home/ajeet/SIH/airfare-scraper/../engine/engine.py", line 232, in <module>
    raise SystemExit(main())
  File "/home/ajeet/SIH/airfare-scraper/../engine/engine.py", line 226, in main
    client.table("apix_daily").upsert(payload, on_conflict="day").execute()
  File "/home/ajeet/.local/lib/python3.9/site-packages/postgrest/_sync/request_builder.py", line 96, in execute
    raise APIError(dict(json_obj))
postgrest.exceptions.APIError: {'message': "Could not find the table 'public.apix_daily' in the schema cache", 'code': 'PGRST205', 'hint': "Perhaps you meant the table 'public.fares_daily'", 'details': None}

APIx — Airfare Price Index      base 2026-09-01 = 100
method: weighted Jevons on minimum logical fares, seat-weighted, min 3 obs/cell

  day              APIx   routes  cells     obs   by lead time
  2026-09-01     100.00        6     30    2040   T+1 100.0  T+7 100.0  T+15 100.0  T+30 100.0  T+45 100.0
  2026-09-02      82.00 *      5      5   15779   T+1 82.0
  2026-09-03      93.61 *      3      3    2082   T+1 93.61

  PROVISIONAL APIx = 93.61   (-6.39% against base)
  coverage: 34.8% of basket weight, 1 lead-time bucket(s)
  not published as headline: 35% of basket weight (needs 60%); 1 lead-time bucket(s) (needs 3)
  largest movers: DEL-BLR 78.1 (-21.9)   BOM-BLR 103.9 (+3.9)   DEL-BOM 99.9 (-0.1)

  * provisional — coverage below publication threshold
Traceback (most recent call last):
  File "/home/ajeet/SIH/airfare-scraper/../engine/engine.py", line 232, in <module>
    raise SystemExit(main())
  File "/home/ajeet/SIH/airfare-scraper/../engine/engine.py", line 226, in main
    client.table("apix_daily").upsert(payload, on_conflict="day").execute()
  File "/home/ajeet/.local/lib/python3.9/site-packages/postgrest/_sync/request_builder.py", line 96, in execute
    raise APIError(dict(json_obj))
postgrest.exceptions.APIError: {'message': "Could not find the table 'public.apix_daily' in the schema cache", 'code': 'PGRST205', 'hint': "Perhaps you meant the table 'public.fares_daily'", 'details': None}

APIx — Airfare Price Index      base 2026-09-01 = 100
method: weighted Jevons on minimum logical fares, seat-weighted, min 3 obs/cell

  day              APIx   routes  cells     obs   by lead time
  2026-09-01     100.00        6     30    2040   T+1 100.0  T+7 100.0  T+15 100.0  T+30 100.0  T+45 100.0
  2026-09-02      82.00 *      5      5   15779   T+1 82.0
  2026-09-03      93.61 *      3      3    2182   T+1 93.61

  PROVISIONAL APIx = 93.61   (-6.39% against base)
  coverage: 34.8% of basket weight, 1 lead-time bucket(s)
  not published as headline: 35% of basket weight (needs 60%); 1 lead-time bucket(s) (needs 3)
  largest movers: DEL-BLR 78.1 (-21.9)   BOM-BLR 103.9 (+3.9)   DEL-BOM 99.9 (-0.1)

  * provisional — coverage below publication threshold
Traceback (most recent call last):
  File "/home/ajeet/SIH/airfare-scraper/../engine/engine.py", line 232, in <module>
    raise SystemExit(main())
  File "/home/ajeet/SIH/airfare-scraper/../engine/engine.py", line 226, in main
    client.table("apix_daily").upsert(payload, on_conflict="day").execute()
  File "/home/ajeet/.local/lib/python3.9/site-packages/postgrest/_sync/request_builder.py", line 96, in execute
    raise APIError(dict(json_obj))
postgrest.exceptions.APIError: {'message': "Could not find the table 'public.apix_daily' in the schema cache", 'code': 'PGRST205', 'hint': "Perhaps you meant the table 'public.fares_daily'", 'details': None}

APIx — Airfare Price Index      base 2026-09-01 = 100
method: weighted Jevons on minimum logical fares, seat-weighted, min 3 obs/cell

  day              APIx   routes  cells     obs   by lead time
  2026-09-01     100.00        6     30    2040   T+1 100.0  T+7 100.0  T+15 100.0  T+30 100.0  T+45 100.0
  2026-09-02      82.00 *      5      5   15779   T+1 82.0
  2026-09-03      93.61 *      3      3    2282   T+1 93.61

  PROVISIONAL APIx = 93.61   (-6.39% against base)
  coverage: 34.8% of basket weight, 1 lead-time bucket(s)
  not published as headline: 35% of basket weight (needs 60%); 1 lead-time bucket(s) (needs 3)
  largest movers: DEL-BLR 78.1 (-21.9)   BOM-BLR 103.9 (+3.9)   DEL-BOM 99.9 (-0.1)

  * provisional — coverage below publication threshold
Traceback (most recent call last):
  File "/home/ajeet/SIH/airfare-scraper/../engine/engine.py", line 232, in <module>
    raise SystemExit(main())
  File "/home/ajeet/SIH/airfare-scraper/../engine/engine.py", line 226, in main
    client.table("apix_daily").upsert(payload, on_conflict="day").execute()
  File "/home/ajeet/.local/lib/python3.9/site-packages/postgrest/_sync/request_builder.py", line 96, in execute
    raise APIError(dict(json_obj))
postgrest.exceptions.APIError: {'message': "Could not find the table 'public.apix_daily' in the schema cache", 'code': 'PGRST205', 'hint': "Perhaps you meant the table 'public.fares_daily'", 'details': None}

APIx — Airfare Price Index      base 2026-09-01 = 100
method: weighted Jevons on minimum logical fares, seat-weighted, min 3 obs/cell

  day              APIx   routes  cells     obs   by lead time
  2026-09-01     100.00        6     30    2040   T+1 100.0  T+7 100.0  T+15 100.0  T+30 100.0  T+45 100.0
  2026-09-02      82.00 *      5      5   15779   T+1 82.0
  2026-09-03      93.61 *      3      3    2386   T+1 93.61

  PROVISIONAL APIx = 93.61   (-6.39% against base)
  coverage: 34.8% of basket weight, 1 lead-time bucket(s)
  not published as headline: 35% of basket weight (needs 60%); 1 lead-time bucket(s) (needs 3)
  largest movers: DEL-BLR 78.1 (-21.9)   BOM-BLR 103.9 (+3.9)   DEL-BOM 99.9 (-0.1)

  * provisional — coverage below publication threshold
Traceback (most recent call last):
  File "/home/ajeet/SIH/airfare-scraper/../engine/engine.py", line 232, in <module>
    raise SystemExit(main())
  File "/home/ajeet/SIH/airfare-scraper/../engine/engine.py", line 226, in main
    client.table("apix_daily").upsert(payload, on_conflict="day").execute()
  File "/home/ajeet/.local/lib/python3.9/site-packages/postgrest/_sync/request_builder.py", line 96, in execute
    raise APIError(dict(json_obj))
postgrest.exceptions.APIError: {'message': "Could not find the table 'public.apix_daily' in the schema cache", 'code': 'PGRST205', 'hint': "Perhaps you meant the table 'public.fares_daily'", 'details': None}

APIx — Airfare Price Index      base 2026-09-01 = 100
method: weighted Jevons on minimum logical fares, seat-weighted, min 3 obs/cell

  day              APIx   routes  cells     obs   by lead time
  2026-09-01     100.00        6     30    2040   T+1 100.0  T+7 100.0  T+15 100.0  T+30 100.0  T+45 100.0
  2026-09-02      82.00 *      5      5   15779   T+1 82.0
  2026-09-03      93.61 *      3      3    2498   T+1 93.61

  PROVISIONAL APIx = 93.61   (-6.39% against base)
  coverage: 34.8% of basket weight, 1 lead-time bucket(s)
  not published as headline: 35% of basket weight (needs 60%); 1 lead-time bucket(s) (needs 3)
  largest movers: DEL-BLR 78.1 (-21.9)   BOM-BLR 103.9 (+3.9)   DEL-BOM 99.9 (-0.1)

  * provisional — coverage below publication threshold
Traceback (most recent call last):
  File "/home/ajeet/SIH/airfare-scraper/../engine/engine.py", line 232, in <module>
    raise SystemExit(main())
  File "/home/ajeet/SIH/airfare-scraper/../engine/engine.py", line 226, in main
    client.table("apix_daily").upsert(payload, on_conflict="day").execute()
  File "/home/ajeet/.local/lib/python3.9/site-packages/postgrest/_sync/request_builder.py", line 96, in execute
    raise APIError(dict(json_obj))
postgrest.exceptions.APIError: {'message': "Could not find the table 'public.apix_daily' in the schema cache", 'code': 'PGRST205', 'hint': "Perhaps you meant the table 'public.fares_daily'", 'details': None}

APIx — Airfare Price Index      base 2026-09-01 = 100
method: weighted Jevons on minimum logical fares, seat-weighted, min 3 obs/cell

  day              APIx   routes  cells     obs   by lead time
  2026-09-01     100.00        6     30    2040   T+1 100.0  T+7 100.0  T+15 100.0  T+30 100.0  T+45 100.0
  2026-09-02      82.00 *      5      5   15779   T+1 82.0
  2026-09-03      93.61 *      3      3    2602   T+1 93.61

  PROVISIONAL APIx = 93.61   (-6.39% against base)
  coverage: 34.8% of basket weight, 1 lead-time bucket(s)
  not published as headline: 35% of basket weight (needs 60%); 1 lead-time bucket(s) (needs 3)
  largest movers: DEL-BLR 78.1 (-21.9)   BOM-BLR 103.9 (+3.9)   DEL-BOM 99.9 (-0.1)

  * provisional — coverage below publication threshold
Traceback (most recent call last):
  File "/home/ajeet/SIH/airfare-scraper/../engine/engine.py", line 232, in <module>
    raise SystemExit(main())
  File "/home/ajeet/SIH/airfare-scraper/../engine/engine.py", line 226, in main
    client.table("apix_daily").upsert(payload, on_conflict="day").execute()
  File "/home/ajeet/.local/lib/python3.9/site-packages/postgrest/_sync/request_builder.py", line 96, in execute
    raise APIError(dict(json_obj))
postgrest.exceptions.APIError: {'message': "Could not find the table 'public.apix_daily' in the schema cache", 'code': 'PGRST205', 'hint': "Perhaps you meant the table 'public.fares_daily'", 'details': None}

APIx — Airfare Price Index      base 2026-09-01 = 100
method: weighted Jevons on minimum logical fares, seat-weighted, min 3 obs/cell

  day              APIx   routes  cells     obs   by lead time
  2026-09-01     100.00        6     30    2040   T+1 100.0  T+7 100.0  T+15 100.0  T+30 100.0  T+45 100.0
  2026-09-02      82.00 *      5      5   15779   T+1 82.0
  2026-09-03      93.61 *      3      3    2716   T+1 93.61

  PROVISIONAL APIx = 93.61   (-6.39% against base)
  coverage: 34.8% of basket weight, 1 lead-time bucket(s)
  not published as headline: 35% of basket weight (needs 60%); 1 lead-time bucket(s) (needs 3)
  largest movers: DEL-BLR 78.1 (-21.9)   BOM-BLR 103.9 (+3.9)   DEL-BOM 99.9 (-0.1)

  * provisional — coverage below publication threshold
Traceback (most recent call last):
  File "/home/ajeet/SIH/airfare-scraper/../engine/engine.py", line 232, in <module>
    raise SystemExit(main())
  File "/home/ajeet/SIH/airfare-scraper/../engine/engine.py", line 226, in main
    client.table("apix_daily").upsert(payload, on_conflict="day").execute()
  File "/home/ajeet/.local/lib/python3.9/site-packages/postgrest/_sync/request_builder.py", line 96, in execute
    raise APIError(dict(json_obj))
postgrest.exceptions.APIError: {'message': "Could not find the table 'public.apix_daily' in the schema cache", 'code': 'PGRST205', 'hint': "Perhaps you meant the table 'public.fares_daily'", 'details': None}

APIx — Airfare Price Index      base 2026-09-01 = 100
method: weighted Jevons on minimum logical fares, seat-weighted, min 3 obs/cell

  day              APIx   routes  cells     obs   by lead time
  2026-09-01     100.00        6     30    2040   T+1 100.0  T+7 100.0  T+15 100.0  T+30 100.0  T+45 100.0
  2026-09-02      82.00 *      5      5   15779   T+1 82.0
  2026-09-03      93.61 *      3      3    2820   T+1 93.61

  PROVISIONAL APIx = 93.61   (-6.39% against base)
  coverage: 34.8% of basket weight, 1 lead-time bucket(s)
  not published as headline: 35% of basket weight (needs 60%); 1 lead-time bucket(s) (needs 3)
  largest movers: DEL-BLR 78.1 (-21.9)   BOM-BLR 103.9 (+3.9)   DEL-BOM 99.9 (-0.1)

  * provisional — coverage below publication threshold
Traceback (most recent call last):
  File "/home/ajeet/SIH/airfare-scraper/../engine/engine.py", line 232, in <module>
    raise SystemExit(main())
  File "/home/ajeet/SIH/airfare-scraper/../engine/engine.py", line 226, in main
    client.table("apix_daily").upsert(payload, on_conflict="day").execute()
  File "/home/ajeet/.local/lib/python3.9/site-packages/postgrest/_sync/request_builder.py", line 96, in execute
    raise APIError(dict(json_obj))
postgrest.exceptions.APIError: {'message': "Could not find the table 'public.apix_daily' in the schema cache", 'code': 'PGRST205', 'hint': "Perhaps you meant the table 'public.fares_daily'", 'details': None}

APIx — Airfare Price Index      base 2026-09-01 = 100
method: weighted Jevons on minimum logical fares, seat-weighted, min 3 obs/cell

  day              APIx   routes  cells     obs   by lead time
  2026-09-01     100.00        6     30    2040   T+1 100.0  T+7 100.0  T+15 100.0  T+30 100.0  T+45 100.0
  2026-09-02      82.00 *      5      5   15779   T+1 82.0
  2026-09-03      93.61 *      3      3    2921   T+1 93.61

  PROVISIONAL APIx = 93.61   (-6.39% against base)
  coverage: 34.8% of basket weight, 1 lead-time bucket(s)
  not published as headline: 35% of basket weight (needs 60%); 1 lead-time bucket(s) (needs 3)
  largest movers: DEL-BLR 78.1 (-21.9)   BOM-BLR 103.9 (+3.9)   DEL-BOM 99.9 (-0.1)

  * provisional — coverage below publication threshold
Traceback (most recent call last):
  File "/home/ajeet/SIH/airfare-scraper/../engine/engine.py", line 232, in <module>
    raise SystemExit(main())
  File "/home/ajeet/SIH/airfare-scraper/../engine/engine.py", line 226, in main
    client.table("apix_daily").upsert(payload, on_conflict="day").execute()
  File "/home/ajeet/.local/lib/python3.9/site-packages/postgrest/_sync/request_builder.py", line 96, in execute
    raise APIError(dict(json_obj))
postgrest.exceptions.APIError: {'message': "Could not find the table 'public.apix_daily' in the schema cache", 'code': 'PGRST205', 'hint': "Perhaps you meant the table 'public.fares_daily'", 'details': None}

APIx — Airfare Price Index      base 2026-09-01 = 100
method: weighted Jevons on minimum logical fares, seat-weighted, min 3 obs/cell

  day              APIx   routes  cells     obs   by lead time
  2026-09-01     100.00        6     30    2040   T+1 100.0  T+7 100.0  T+15 100.0  T+30 100.0  T+45 100.0
  2026-09-02      82.00 *      5      5   15779   T+1 82.0
  2026-09-03      93.61 *      3      3    3018   T+1 93.61

  PROVISIONAL APIx = 93.61   (-6.39% against base)
  coverage: 34.8% of basket weight, 1 lead-time bucket(s)
  not published as headline: 35% of basket weight (needs 60%); 1 lead-time bucket(s) (needs 3)
  largest movers: DEL-BLR 78.1 (-21.9)   BOM-BLR 103.9 (+3.9)   DEL-BOM 99.9 (-0.1)

  * provisional — coverage below publication threshold
Traceback (most recent call last):
  File "/home/ajeet/SIH/airfare-scraper/../engine/engine.py", line 232, in <module>
    raise SystemExit(main())
  File "/home/ajeet/SIH/airfare-scraper/../engine/engine.py", line 226, in main
    client.table("apix_daily").upsert(payload, on_conflict="day").execute()
  File "/home/ajeet/.local/lib/python3.9/site-packages/postgrest/_sync/request_builder.py", line 96, in execute
    raise APIError(dict(json_obj))
postgrest.exceptions.APIError: {'message': "Could not find the table 'public.apix_daily' in the schema cache", 'code': 'PGRST205', 'hint': "Perhaps you meant the table 'public.fares_daily'", 'details': None}

APIx — Airfare Price Index      base 2026-09-01 = 100
method: weighted Jevons on minimum logical fares, seat-weighted, min 3 obs/cell

  day              APIx   routes  cells     obs   by lead time
  2026-09-01     100.00        6     30    2040   T+1 100.0  T+7 100.0  T+15 100.0  T+30 100.0  T+45 100.0
  2026-09-02      82.00 *      5      5   15779   T+1 82.0
  2026-09-03      93.61 *      3      3    3121   T+1 93.61

  PROVISIONAL APIx = 93.61   (-6.39% against base)
  coverage: 34.8% of basket weight, 1 lead-time bucket(s)
  not published as headline: 35% of basket weight (needs 60%); 1 lead-time bucket(s) (needs 3)
  largest movers: DEL-BLR 78.1 (-21.9)   BOM-BLR 103.9 (+3.9)   DEL-BOM 99.9 (-0.1)

  * provisional — coverage below publication threshold
Traceback (most recent call last):
  File "/home/ajeet/SIH/airfare-scraper/../engine/engine.py", line 232, in <module>
    raise SystemExit(main())
  File "/home/ajeet/SIH/airfare-scraper/../engine/engine.py", line 226, in main
    client.table("apix_daily").upsert(payload, on_conflict="day").execute()
  File "/home/ajeet/.local/lib/python3.9/site-packages/postgrest/_sync/request_builder.py", line 96, in execute
    raise APIError(dict(json_obj))
postgrest.exceptions.APIError: {'message': "Could not find the table 'public.apix_daily' in the schema cache", 'code': 'PGRST205', 'hint': "Perhaps you meant the table 'public.fares_daily'", 'details': None}

APIx — Airfare Price Index      base 2026-09-01 = 100
method: weighted Jevons on minimum logical fares, seat-weighted, min 3 obs/cell

  day              APIx   routes  cells     obs   by lead time
  2026-09-01     100.00        6     30    2040   T+1 100.0  T+7 100.0  T+15 100.0  T+30 100.0  T+45 100.0
  2026-09-02      82.00 *      5      5   15779   T+1 82.0
  2026-09-03      93.61 *      3      3    3234   T+1 93.61

  PROVISIONAL APIx = 93.61   (-6.39% against base)
  coverage: 34.8% of basket weight, 1 lead-time bucket(s)
  not published as headline: 35% of basket weight (needs 60%); 1 lead-time bucket(s) (needs 3)
  largest movers: DEL-BLR 78.1 (-21.9)   BOM-BLR 103.9 (+3.9)   DEL-BOM 99.9 (-0.1)

  * provisional — coverage below publication threshold
Traceback (most recent call last):
  File "/home/ajeet/SIH/airfare-scraper/../engine/engine.py", line 232, in <module>
    raise SystemExit(main())
  File "/home/ajeet/SIH/airfare-scraper/../engine/engine.py", line 226, in main
    client.table("apix_daily").upsert(payload, on_conflict="day").execute()
  File "/home/ajeet/.local/lib/python3.9/site-packages/postgrest/_sync/request_builder.py", line 96, in execute
    raise APIError(dict(json_obj))
postgrest.exceptions.APIError: {'message': "Could not find the table 'public.apix_daily' in the schema cache", 'code': 'PGRST205', 'hint': "Perhaps you meant the table 'public.fares_daily'", 'details': None}

APIx — Airfare Price Index      base 2026-09-01 = 100
method: weighted Jevons on minimum logical fares, seat-weighted, min 3 obs/cell

  day              APIx   routes  cells     obs   by lead time
  2026-09-01     100.00        6     30    2040   T+1 100.0  T+7 100.0  T+15 100.0  T+30 100.0  T+45 100.0
  2026-09-02      82.00 *      5      5   15779   T+1 82.0
  2026-09-03      93.61 *      3      3    3336   T+1 93.61

  PROVISIONAL APIx = 93.61   (-6.39% against base)
  coverage: 34.8% of basket weight, 1 lead-time bucket(s)
  not published as headline: 35% of basket weight (needs 60%); 1 lead-time bucket(s) (needs 3)
  largest movers: DEL-BLR 78.1 (-21.9)   BOM-BLR 103.9 (+3.9)   DEL-BOM 99.9 (-0.1)

  * provisional — coverage below publication threshold
Traceback (most recent call last):
  File "/home/ajeet/SIH/airfare-scraper/../engine/engine.py", line 232, in <module>
    raise SystemExit(main())
  File "/home/ajeet/SIH/airfare-scraper/../engine/engine.py", line 226, in main
    client.table("apix_daily").upsert(payload, on_conflict="day").execute()
  File "/home/ajeet/.local/lib/python3.9/site-packages/postgrest/_sync/request_builder.py", line 96, in execute
    raise APIError(dict(json_obj))
postgrest.exceptions.APIError: {'message': "Could not find the table 'public.apix_daily' in the schema cache", 'code': 'PGRST205', 'hint': "Perhaps you meant the table 'public.fares_daily'", 'details': None}

APIx — Airfare Price Index      base 2026-09-01 = 100
method: weighted Jevons on minimum logical fares, seat-weighted, min 3 obs/cell

  day              APIx   routes  cells     obs   by lead time
  2026-09-01     100.00        6     30    2040   T+1 100.0  T+7 100.0  T+15 100.0  T+30 100.0  T+45 100.0
  2026-09-02      82.00 *      5      5   15779   T+1 82.0
  2026-09-03      93.61 *      3      3    3448   T+1 93.61

  PROVISIONAL APIx = 93.61   (-6.39% against base)
  coverage: 34.8% of basket weight, 1 lead-time bucket(s)
  not published as headline: 35% of basket weight (needs 60%); 1 lead-time bucket(s) (needs 3)
  largest movers: DEL-BLR 78.1 (-21.9)   BOM-BLR 103.9 (+3.9)   DEL-BOM 99.9 (-0.1)

  * provisional — coverage below publication threshold
Traceback (most recent call last):
  File "/home/ajeet/SIH/airfare-scraper/../engine/engine.py", line 232, in <module>
    raise SystemExit(main())
  File "/home/ajeet/SIH/airfare-scraper/../engine/engine.py", line 226, in main
    client.table("apix_daily").upsert(payload, on_conflict="day").execute()
  File "/home/ajeet/.local/lib/python3.9/site-packages/postgrest/_sync/request_builder.py", line 96, in execute
    raise APIError(dict(json_obj))
postgrest.exceptions.APIError: {'message': "Could not find the table 'public.apix_daily' in the schema cache", 'code': 'PGRST205', 'hint': "Perhaps you meant the table 'public.fares_daily'", 'details': None}

APIx — Airfare Price Index      base 2026-09-01 = 100
method: weighted Jevons on minimum logical fares, seat-weighted, min 3 obs/cell

  day              APIx   routes  cells     obs   by lead time
  2026-09-01     100.00        6     30    2040   T+1 100.0  T+7 100.0  T+15 100.0  T+30 100.0  T+45 100.0
  2026-09-02      82.00 *      5      5   15779   T+1 82.0
  2026-09-03      93.61 *      3      3    3547   T+1 93.61

  PROVISIONAL APIx = 93.61   (-6.39% against base)
  coverage: 34.8% of basket weight, 1 lead-time bucket(s)
  not published as headline: 35% of basket weight (needs 60%); 1 lead-time bucket(s) (needs 3)
  largest movers: DEL-BLR 78.1 (-21.9)   BOM-BLR 103.9 (+3.9)   DEL-BOM 99.9 (-0.1)

  * provisional — coverage below publication threshold
Traceback (most recent call last):
  File "/home/ajeet/SIH/airfare-scraper/../engine/engine.py", line 232, in <module>
    raise SystemExit(main())
  File "/home/ajeet/SIH/airfare-scraper/../engine/engine.py", line 226, in main
    client.table("apix_daily").upsert(payload, on_conflict="day").execute()
  File "/home/ajeet/.local/lib/python3.9/site-packages/postgrest/_sync/request_builder.py", line 96, in execute
    raise APIError(dict(json_obj))
postgrest.exceptions.APIError: {'message': "Could not find the table 'public.apix_daily' in the schema cache", 'code': 'PGRST205', 'hint': "Perhaps you meant the table 'public.fares_daily'", 'details': None}

APIx — Airfare Price Index      base 2026-09-01 = 100
method: weighted Jevons on minimum logical fares, seat-weighted, min 3 obs/cell

  day              APIx   routes  cells     obs   by lead time
  2026-09-01     100.00        6     30    2040   T+1 100.0  T+7 100.0  T+15 100.0  T+30 100.0  T+45 100.0
  2026-09-02      82.00 *      5      5   15779   T+1 82.0
  2026-09-03      93.61 *      3      3    3659   T+1 93.61

  PROVISIONAL APIx = 93.61   (-6.39% against base)
  coverage: 34.8% of basket weight, 1 lead-time bucket(s)
  not published as headline: 35% of basket weight (needs 60%); 1 lead-time bucket(s) (needs 3)
  largest movers: DEL-BLR 78.1 (-21.9)   BOM-BLR 103.9 (+3.9)   DEL-BOM 99.9 (-0.1)

  * provisional — coverage below publication threshold
Traceback (most recent call last):
  File "/home/ajeet/SIH/airfare-scraper/../engine/engine.py", line 232, in <module>
    raise SystemExit(main())
  File "/home/ajeet/SIH/airfare-scraper/../engine/engine.py", line 226, in main
    client.table("apix_daily").upsert(payload, on_conflict="day").execute()
  File "/home/ajeet/.local/lib/python3.9/site-packages/postgrest/_sync/request_builder.py", line 96, in execute
    raise APIError(dict(json_obj))
postgrest.exceptions.APIError: {'message': "Could not find the table 'public.apix_daily' in the schema cache", 'code': 'PGRST205', 'hint': "Perhaps you meant the table 'public.fares_daily'", 'details': None}

APIx — Airfare Price Index      base 2026-09-01 = 100
method: weighted Jevons on minimum logical fares, seat-weighted, min 3 obs/cell

  day              APIx   routes  cells     obs   by lead time
  2026-09-01     100.00        6     30    2040   T+1 100.0  T+7 100.0  T+15 100.0  T+30 100.0  T+45 100.0
  2026-09-02      82.00 *      5      5   15779   T+1 82.0
  2026-09-03      93.61 *      3      3    3774   T+1 93.61

  PROVISIONAL APIx = 93.61   (-6.39% against base)
  coverage: 34.8% of basket weight, 1 lead-time bucket(s)
  not published as headline: 35% of basket weight (needs 60%); 1 lead-time bucket(s) (needs 3)
  largest movers: DEL-BLR 78.1 (-21.9)   BOM-BLR 103.9 (+3.9)   DEL-BOM 99.9 (-0.1)

  * provisional — coverage below publication threshold
Traceback (most recent call last):
  File "/home/ajeet/SIH/airfare-scraper/../engine/engine.py", line 232, in <module>
    raise SystemExit(main())
  File "/home/ajeet/SIH/airfare-scraper/../engine/engine.py", line 226, in main
    client.table("apix_daily").upsert(payload, on_conflict="day").execute()
  File "/home/ajeet/.local/lib/python3.9/site-packages/postgrest/_sync/request_builder.py", line 96, in execute
    raise APIError(dict(json_obj))
postgrest.exceptions.APIError: {'message': "Could not find the table 'public.apix_daily' in the schema cache", 'code': 'PGRST205', 'hint': "Perhaps you meant the table 'public.fares_daily'", 'details': None}

APIx — Airfare Price Index      base 2026-09-01 = 100
method: weighted Jevons on minimum logical fares, seat-weighted, min 3 obs/cell

  day              APIx   routes  cells     obs   by lead time
  2026-09-01     100.00        6     30    2040   T+1 100.0  T+7 100.0  T+15 100.0  T+30 100.0  T+45 100.0
  2026-09-02      82.00 *      5      5   15779   T+1 82.0
  2026-09-03      93.61 *      3      3    3890   T+1 93.61

  PROVISIONAL APIx = 93.61   (-6.39% against base)
  coverage: 34.8% of basket weight, 1 lead-time bucket(s)
  not published as headline: 35% of basket weight (needs 60%); 1 lead-time bucket(s) (needs 3)
  largest movers: DEL-BLR 78.1 (-21.9)   BOM-BLR 103.9 (+3.9)   DEL-BOM 99.9 (-0.1)

  * provisional — coverage below publication threshold
Traceback (most recent call last):
  File "/home/ajeet/SIH/airfare-scraper/../engine/engine.py", line 232, in <module>
    raise SystemExit(main())
  File "/home/ajeet/SIH/airfare-scraper/../engine/engine.py", line 226, in main
    client.table("apix_daily").upsert(payload, on_conflict="day").execute()
  File "/home/ajeet/.local/lib/python3.9/site-packages/postgrest/_sync/request_builder.py", line 96, in execute
    raise APIError(dict(json_obj))
postgrest.exceptions.APIError: {'message': "Could not find the table 'public.apix_daily' in the schema cache", 'code': 'PGRST205', 'hint': "Perhaps you meant the table 'public.fares_daily'", 'details': None}

APIx — Airfare Price Index      base 2026-09-01 = 100
method: weighted Jevons on minimum logical fares, seat-weighted, min 3 obs/cell

  day              APIx   routes  cells     obs   by lead time
  2026-09-01     100.00        6     30    2040   T+1 100.0  T+7 100.0  T+15 100.0  T+30 100.0  T+45 100.0
  2026-09-02      82.00 *      5      5   15779   T+1 82.0
  2026-09-03      93.61 *      3      3    4006   T+1 93.61

  PROVISIONAL APIx = 93.61   (-6.39% against base)
  coverage: 34.8% of basket weight, 1 lead-time bucket(s)
  not published as headline: 35% of basket weight (needs 60%); 1 lead-time bucket(s) (needs 3)
  largest movers: DEL-BLR 78.1 (-21.9)   BOM-BLR 103.9 (+3.9)   DEL-BOM 99.9 (-0.1)

  * provisional — coverage below publication threshold
Traceback (most recent call last):
  File "/home/ajeet/SIH/airfare-scraper/../engine/engine.py", line 232, in <module>
    raise SystemExit(main())
  File "/home/ajeet/SIH/airfare-scraper/../engine/engine.py", line 226, in main
    client.table("apix_daily").upsert(payload, on_conflict="day").execute()
  File "/home/ajeet/.local/lib/python3.9/site-packages/postgrest/_sync/request_builder.py", line 96, in execute
    raise APIError(dict(json_obj))
postgrest.exceptions.APIError: {'message': "Could not find the table 'public.apix_daily' in the schema cache", 'code': 'PGRST205', 'hint': "Perhaps you meant the table 'public.fares_daily'", 'details': None}

APIx — Airfare Price Index      base 2026-09-01 = 100
method: weighted Jevons on minimum logical fares, seat-weighted, min 3 obs/cell

  day              APIx   routes  cells     obs   by lead time
  2026-09-01     100.00        6     30    2040   T+1 100.0  T+7 100.0  T+15 100.0  T+30 100.0  T+45 100.0
  2026-09-02      82.00 *      5      5   15779   T+1 82.0
  2026-09-03      93.61 *      3      3    4120   T+1 93.61

  PROVISIONAL APIx = 93.61   (-6.39% against base)
  coverage: 34.8% of basket weight, 1 lead-time bucket(s)
  not published as headline: 35% of basket weight (needs 60%); 1 lead-time bucket(s) (needs 3)
  largest movers: DEL-BLR 78.1 (-21.9)   BOM-BLR 103.9 (+3.9)   DEL-BOM 99.9 (-0.1)

  * provisional — coverage below publication threshold
Traceback (most recent call last):
  File "/home/ajeet/SIH/airfare-scraper/../engine/engine.py", line 232, in <module>
    raise SystemExit(main())
  File "/home/ajeet/SIH/airfare-scraper/../engine/engine.py", line 226, in main
    client.table("apix_daily").upsert(payload, on_conflict="day").execute()
  File "/home/ajeet/.local/lib/python3.9/site-packages/postgrest/_sync/request_builder.py", line 96, in execute
    raise APIError(dict(json_obj))
postgrest.exceptions.APIError: {'message': "Could not find the table 'public.apix_daily' in the schema cache", 'code': 'PGRST205', 'hint': "Perhaps you meant the table 'public.fares_daily'", 'details': None}

APIx — Airfare Price Index      base 2026-09-01 = 100
method: weighted Jevons on minimum logical fares, seat-weighted, min 3 obs/cell

  day              APIx   routes  cells     obs   by lead time
  2026-09-01     100.00        6     30    2040   T+1 100.0  T+7 100.0  T+15 100.0  T+30 100.0  T+45 100.0
  2026-09-02      82.00 *      5      5   15779   T+1 82.0
  2026-09-03      93.61 *      3      3    4234   T+1 93.61

  PROVISIONAL APIx = 93.61   (-6.39% against base)
  coverage: 34.8% of basket weight, 1 lead-time bucket(s)
  not published as headline: 35% of basket weight (needs 60%); 1 lead-time bucket(s) (needs 3)
  largest movers: DEL-BLR 78.1 (-21.9)   BOM-BLR 103.9 (+3.9)   DEL-BOM 99.9 (-0.1)

  * provisional — coverage below publication threshold
Traceback (most recent call last):
  File "/home/ajeet/SIH/airfare-scraper/../engine/engine.py", line 232, in <module>
    raise SystemExit(main())
  File "/home/ajeet/SIH/airfare-scraper/../engine/engine.py", line 226, in main
    client.table("apix_daily").upsert(payload, on_conflict="day").execute()
  File "/home/ajeet/.local/lib/python3.9/site-packages/postgrest/_sync/request_builder.py", line 96, in execute
    raise APIError(dict(json_obj))
postgrest.exceptions.APIError: {'message': "Could not find the table 'public.apix_daily' in the schema cache", 'code': 'PGRST205', 'hint': "Perhaps you meant the table 'public.fares_daily'", 'details': None}

APIx — Airfare Price Index      base 2026-09-01 = 100
method: weighted Jevons on minimum logical fares, seat-weighted, min 3 obs/cell

  day              APIx   routes  cells     obs   by lead time
  2026-09-01     100.00        6     30    2040   T+1 100.0  T+7 100.0  T+15 100.0  T+30 100.0  T+45 100.0
  2026-09-02      82.00 *      5      5   15779   T+1 82.0
  2026-09-03      93.61 *      3      3    4346   T+1 93.61

  PROVISIONAL APIx = 93.61   (-6.39% against base)
  coverage: 34.8% of basket weight, 1 lead-time bucket(s)
  not published as headline: 35% of basket weight (needs 60%); 1 lead-time bucket(s) (needs 3)
  largest movers: DEL-BLR 78.1 (-21.9)   BOM-BLR 103.9 (+3.9)   DEL-BOM 99.9 (-0.1)

  * provisional — coverage below publication threshold
Traceback (most recent call last):
  File "/home/ajeet/SIH/airfare-scraper/../engine/engine.py", line 232, in <module>
    raise SystemExit(main())
  File "/home/ajeet/SIH/airfare-scraper/../engine/engine.py", line 226, in main
    client.table("apix_daily").upsert(payload, on_conflict="day").execute()
  File "/home/ajeet/.local/lib/python3.9/site-packages/postgrest/_sync/request_builder.py", line 96, in execute
    raise APIError(dict(json_obj))
postgrest.exceptions.APIError: {'message': "Could not find the table 'public.apix_daily' in the schema cache", 'code': 'PGRST205', 'hint': "Perhaps you meant the table 'public.fares_daily'", 'details': None}

APIx — Airfare Price Index      base 2026-09-01 = 100
method: weighted Jevons on minimum logical fares, seat-weighted, min 3 obs/cell

  day              APIx   routes  cells     obs   by lead time
  2026-09-01     100.00        6     30    2040   T+1 100.0  T+7 100.0  T+15 100.0  T+30 100.0  T+45 100.0
  2026-09-02      82.00 *      5      5   15779   T+1 82.0
  2026-09-03      93.61 *      3      3    4461   T+1 93.61

  PROVISIONAL APIx = 93.61   (-6.39% against base)
  coverage: 34.8% of basket weight, 1 lead-time bucket(s)
  not published as headline: 35% of basket weight (needs 60%); 1 lead-time bucket(s) (needs 3)
  largest movers: DEL-BLR 78.1 (-21.9)   BOM-BLR 103.9 (+3.9)   DEL-BOM 99.9 (-0.1)

  * provisional — coverage below publication threshold
Traceback (most recent call last):
  File "/home/ajeet/SIH/airfare-scraper/../engine/engine.py", line 232, in <module>
    raise SystemExit(main())
  File "/home/ajeet/SIH/airfare-scraper/../engine/engine.py", line 226, in main
    client.table("apix_daily").upsert(payload, on_conflict="day").execute()
  File "/home/ajeet/.local/lib/python3.9/site-packages/postgrest/_sync/request_builder.py", line 96, in execute
    raise APIError(dict(json_obj))
postgrest.exceptions.APIError: {'message': "Could not find the table 'public.apix_daily' in the schema cache", 'code': 'PGRST205', 'hint': "Perhaps you meant the table 'public.fares_daily'", 'details': None}

APIx — Airfare Price Index      base 2026-09-01 = 100
method: weighted Jevons on minimum logical fares, seat-weighted, min 3 obs/cell

  day              APIx   routes  cells     obs   by lead time
  2026-09-01     100.00        6     30    2040   T+1 100.0  T+7 100.0  T+15 100.0  T+30 100.0  T+45 100.0
  2026-09-02      82.00 *      5      5   15779   T+1 82.0
  2026-09-03      93.61 *      3      3    4575   T+1 93.61

  PROVISIONAL APIx = 93.61   (-6.39% against base)
  coverage: 34.8% of basket weight, 1 lead-time bucket(s)
  not published as headline: 35% of basket weight (needs 60%); 1 lead-time bucket(s) (needs 3)
  largest movers: DEL-BLR 78.1 (-21.9)   BOM-BLR 103.9 (+3.9)   DEL-BOM 99.9 (-0.1)

  * provisional — coverage below publication threshold
Traceback (most recent call last):
  File "/home/ajeet/SIH/airfare-scraper/../engine/engine.py", line 232, in <module>
    raise SystemExit(main())
  File "/home/ajeet/SIH/airfare-scraper/../engine/engine.py", line 226, in main
    client.table("apix_daily").upsert(payload, on_conflict="day").execute()
  File "/home/ajeet/.local/lib/python3.9/site-packages/postgrest/_sync/request_builder.py", line 96, in execute
    raise APIError(dict(json_obj))
postgrest.exceptions.APIError: {'message': "Could not find the table 'public.apix_daily' in the schema cache", 'code': 'PGRST205', 'hint': "Perhaps you meant the table 'public.fares_daily'", 'details': None}

APIx — Airfare Price Index      base 2026-09-01 = 100
method: weighted Jevons on minimum logical fares, seat-weighted, min 3 obs/cell

  day              APIx   routes  cells     obs   by lead time
  2026-09-01     100.00        6     30    2040   T+1 100.0  T+7 100.0  T+15 100.0  T+30 100.0  T+45 100.0
  2026-09-02      82.00 *      5      5   15779   T+1 82.0
  2026-09-03      93.61 *      3      3    4688   T+1 93.61

  PROVISIONAL APIx = 93.61   (-6.39% against base)
  coverage: 34.8% of basket weight, 1 lead-time bucket(s)
  not published as headline: 35% of basket weight (needs 60%); 1 lead-time bucket(s) (needs 3)
  largest movers: DEL-BLR 78.1 (-21.9)   BOM-BLR 103.9 (+3.9)   DEL-BOM 99.9 (-0.1)

  * provisional — coverage below publication threshold
Traceback (most recent call last):
  File "/home/ajeet/SIH/airfare-scraper/../engine/engine.py", line 232, in <module>
    raise SystemExit(main())
  File "/home/ajeet/SIH/airfare-scraper/../engine/engine.py", line 226, in main
    client.table("apix_daily").upsert(payload, on_conflict="day").execute()
  File "/home/ajeet/.local/lib/python3.9/site-packages/postgrest/_sync/request_builder.py", line 96, in execute
    raise APIError(dict(json_obj))
postgrest.exceptions.APIError: {'message': "Could not find the table 'public.apix_daily' in the schema cache", 'code': 'PGRST205', 'hint': "Perhaps you meant the table 'public.fares_daily'", 'details': None}

APIx — Airfare Price Index      base 2026-09-01 = 100
method: weighted Jevons on minimum logical fares, seat-weighted, min 3 obs/cell

  day              APIx   routes  cells     obs   by lead time
  2026-09-01     100.00        6     30    2040   T+1 100.0  T+7 100.0  T+15 100.0  T+30 100.0  T+45 100.0
  2026-09-02      82.00 *      5      5   15779   T+1 82.0
  2026-09-03      93.61 *      3      3    4801   T+1 93.61

  PROVISIONAL APIx = 93.61   (-6.39% against base)
  coverage: 34.8% of basket weight, 1 lead-time bucket(s)
  not published as headline: 35% of basket weight (needs 60%); 1 lead-time bucket(s) (needs 3)
  largest movers: DEL-BLR 78.1 (-21.9)   BOM-BLR 103.9 (+3.9)   DEL-BOM 99.9 (-0.1)

  * provisional — coverage below publication threshold
Traceback (most recent call last):
  File "/home/ajeet/SIH/airfare-scraper/../engine/engine.py", line 232, in <module>
    raise SystemExit(main())
  File "/home/ajeet/SIH/airfare-scraper/../engine/engine.py", line 226, in main
    client.table("apix_daily").upsert(payload, on_conflict="day").execute()
  File "/home/ajeet/.local/lib/python3.9/site-packages/postgrest/_sync/request_builder.py", line 96, in execute
    raise APIError(dict(json_obj))
postgrest.exceptions.APIError: {'message': "Could not find the table 'public.apix_daily' in the schema cache", 'code': 'PGRST205', 'hint': "Perhaps you meant the table 'public.fares_daily'", 'details': None}

APIx — Airfare Price Index      base 2026-09-01 = 100
method: weighted Jevons on minimum logical fares, seat-weighted, min 3 obs/cell

  day              APIx   routes  cells     obs   by lead time
  2026-09-01     100.00        6     30    2040   T+1 100.0  T+7 100.0  T+15 100.0  T+30 100.0  T+45 100.0
  2026-09-02      82.00 *      5      5   15779   T+1 82.0
  2026-09-03      93.61 *      3      3    4915   T+1 93.61

  PROVISIONAL APIx = 93.61   (-6.39% against base)
  coverage: 34.8% of basket weight, 1 lead-time bucket(s)
  not published as headline: 35% of basket weight (needs 60%); 1 lead-time bucket(s) (needs 3)
  largest movers: DEL-BLR 78.1 (-21.9)   BOM-BLR 103.9 (+3.9)   DEL-BOM 99.9 (-0.1)

  * provisional — coverage below publication threshold
Traceback (most recent call last):
  File "/home/ajeet/SIH/airfare-scraper/../engine/engine.py", line 232, in <module>
    raise SystemExit(main())
  File "/home/ajeet/SIH/airfare-scraper/../engine/engine.py", line 226, in main
    client.table("apix_daily").upsert(payload, on_conflict="day").execute()
  File "/home/ajeet/.local/lib/python3.9/site-packages/postgrest/_sync/request_builder.py", line 96, in execute
    raise APIError(dict(json_obj))
postgrest.exceptions.APIError: {'message': "Could not find the table 'public.apix_daily' in the schema cache", 'code': 'PGRST205', 'hint': "Perhaps you meant the table 'public.fares_daily'", 'details': None}

APIx — Airfare Price Index      base 2026-09-01 = 100
method: weighted Jevons on minimum logical fares, seat-weighted, min 3 obs/cell

  day              APIx   routes  cells     obs   by lead time
  2026-09-01     100.00        6     30    2040   T+1 100.0  T+7 100.0  T+15 100.0  T+30 100.0  T+45 100.0
  2026-09-02      82.00 *      5      5   15779   T+1 82.0
  2026-09-03      97.33        5     25    5833   T+1 93.24  T+7 96.63  T+15 100.4  T+30 99.06  T+45 97.48

  headline APIx = 97.33   (-2.67% against base)
  coverage: 232.3% of basket weight, 5 lead-time bucket(s)
  largest movers: DEL-BLR 94.8 (-5.2)   MAA-DEL 94.9 (-5.1)   DEL-CCU 95.6 (-4.4)   BOM-BLR 98.7 (-1.3)

  * provisional — coverage below publication threshold
Traceback (most recent call last):
  File "/home/ajeet/SIH/airfare-scraper/../engine/engine.py", line 232, in <module>
    raise SystemExit(main())
  File "/home/ajeet/SIH/airfare-scraper/../engine/engine.py", line 226, in main
    client.table("apix_daily").upsert(payload, on_conflict="day").execute()
  File "/home/ajeet/.local/lib/python3.9/site-packages/postgrest/_sync/request_builder.py", line 96, in execute
    raise APIError(dict(json_obj))
postgrest.exceptions.APIError: {'message': "Could not find the table 'public.apix_daily' in the schema cache", 'code': 'PGRST205', 'hint': "Perhaps you meant the table 'public.fares_daily'", 'details': None}

APIx — Airfare Price Index      base 2026-09-01 = 100
method: weighted Jevons on minimum logical fares, seat-weighted, min 3 obs/cell

  day              APIx   routes  cells     obs   by lead time
  2026-09-01     100.00        6     30    2040   T+1 100.0  T+7 100.0  T+15 100.0  T+30 100.0  T+45 100.0
  2026-09-02      82.00 *      5      5   15779   T+1 82.0
  2026-09-03      97.33        5     25    5943   T+1 93.24  T+7 96.63  T+15 100.4  T+30 99.06  T+45 97.48

  headline APIx = 97.33   (-2.67% against base)
  coverage: 232.3% of basket weight, 5 lead-time bucket(s)
  largest movers: DEL-BLR 94.8 (-5.2)   MAA-DEL 94.9 (-5.1)   DEL-CCU 95.6 (-4.4)   BOM-BLR 98.7 (-1.3)

  * provisional — coverage below publication threshold
Traceback (most recent call last):
  File "/home/ajeet/SIH/airfare-scraper/../engine/engine.py", line 232, in <module>
    raise SystemExit(main())
  File "/home/ajeet/SIH/airfare-scraper/../engine/engine.py", line 226, in main
    client.table("apix_daily").upsert(payload, on_conflict="day").execute()
  File "/home/ajeet/.local/lib/python3.9/site-packages/postgrest/_sync/request_builder.py", line 96, in execute
    raise APIError(dict(json_obj))
postgrest.exceptions.APIError: {'message': "Could not find the table 'public.apix_daily' in the schema cache", 'code': 'PGRST205', 'hint': "Perhaps you meant the table 'public.fares_daily'", 'details': None}

APIx — Airfare Price Index      base 2026-09-01 = 100
method: weighted Jevons on minimum logical fares, seat-weighted, min 3 obs/cell

  day              APIx   routes  cells     obs   by lead time
  2026-09-01     100.00        6     30    2040   T+1 100.0  T+7 100.0  T+15 100.0  T+30 100.0  T+45 100.0
  2026-09-02      82.00 *      5      5   15779   T+1 82.0
  2026-09-03      97.33        5     25    6056   T+1 93.24  T+7 96.63  T+15 100.4  T+30 99.06  T+45 97.48

  headline APIx = 97.33   (-2.67% against base)
  coverage: 232.3% of basket weight, 5 lead-time bucket(s)
  largest movers: DEL-BLR 94.8 (-5.2)   MAA-DEL 94.9 (-5.1)   DEL-CCU 95.6 (-4.4)   BOM-BLR 98.7 (-1.3)

  * provisional — coverage below publication threshold
Traceback (most recent call last):
  File "/home/ajeet/SIH/airfare-scraper/../engine/engine.py", line 232, in <module>
    raise SystemExit(main())
  File "/home/ajeet/SIH/airfare-scraper/../engine/engine.py", line 226, in main
    client.table("apix_daily").upsert(payload, on_conflict="day").execute()
  File "/home/ajeet/.local/lib/python3.9/site-packages/postgrest/_sync/request_builder.py", line 96, in execute
    raise APIError(dict(json_obj))
postgrest.exceptions.APIError: {'message': "Could not find the table 'public.apix_daily' in the schema cache", 'code': 'PGRST205', 'hint': "Perhaps you meant the table 'public.fares_daily'", 'details': None}

APIx — Airfare Price Index      base 2026-09-01 = 100
method: weighted Jevons on minimum logical fares, seat-weighted, min 3 obs/cell

  day              APIx   routes  cells     obs   by lead time
  2026-09-01     100.00        6     30    2040   T+1 100.0  T+7 100.0  T+15 100.0  T+30 100.0  T+45 100.0
  2026-09-02      82.00 *      5      5   15779   T+1 82.0
  2026-09-03      97.33        5     25    6171   T+1 93.24  T+7 96.63  T+15 100.4  T+30 99.06  T+45 97.48

  headline APIx = 97.33   (-2.67% against base)
  coverage: 232.3% of basket weight, 5 lead-time bucket(s)
  largest movers: DEL-BLR 94.8 (-5.2)   MAA-DEL 94.9 (-5.1)   DEL-CCU 95.6 (-4.4)   BOM-BLR 98.7 (-1.3)

  * provisional — coverage below publication threshold
Traceback (most recent call last):
  File "/home/ajeet/SIH/airfare-scraper/../engine/engine.py", line 232, in <module>
    raise SystemExit(main())
  File "/home/ajeet/SIH/airfare-scraper/../engine/engine.py", line 226, in main
    client.table("apix_daily").upsert(payload, on_conflict="day").execute()
  File "/home/ajeet/.local/lib/python3.9/site-packages/postgrest/_sync/request_builder.py", line 96, in execute
    raise APIError(dict(json_obj))
postgrest.exceptions.APIError: {'message': "Could not find the table 'public.apix_daily' in the schema cache", 'code': 'PGRST205', 'hint': "Perhaps you meant the table 'public.fares_daily'", 'details': None}

APIx — Airfare Price Index      base 2026-09-01 = 100
method: weighted Jevons on minimum logical fares, seat-weighted, min 3 obs/cell

  day              APIx   routes  cells     obs   by lead time
  2026-09-01     100.00        6     30    2040   T+1 100.0  T+7 100.0  T+15 100.0  T+30 100.0  T+45 100.0
  2026-09-02      82.00 *      5      5   15779   T+1 82.0
  2026-09-03      97.33        5     25    6282   T+1 93.24  T+7 96.63  T+15 100.4  T+30 99.06  T+45 97.48

  headline APIx = 97.33   (-2.67% against base)
  coverage: 232.3% of basket weight, 5 lead-time bucket(s)
  largest movers: DEL-BLR 94.8 (-5.2)   MAA-DEL 94.9 (-5.1)   DEL-CCU 95.6 (-4.4)   BOM-BLR 98.7 (-1.3)

  * provisional — coverage below publication threshold
Traceback (most recent call last):
  File "/home/ajeet/SIH/airfare-scraper/../engine/engine.py", line 232, in <module>
    raise SystemExit(main())
  File "/home/ajeet/SIH/airfare-scraper/../engine/engine.py", line 226, in main
    client.table("apix_daily").upsert(payload, on_conflict="day").execute()
  File "/home/ajeet/.local/lib/python3.9/site-packages/postgrest/_sync/request_builder.py", line 96, in execute
    raise APIError(dict(json_obj))
postgrest.exceptions.APIError: {'message': "Could not find the table 'public.apix_daily' in the schema cache", 'code': 'PGRST205', 'hint': "Perhaps you meant the table 'public.fares_daily'", 'details': None}

APIx — Airfare Price Index      base 2026-09-01 = 100
method: weighted Jevons on minimum logical fares, seat-weighted, min 3 obs/cell

  day              APIx   routes  cells     obs   by lead time
  2026-09-01     100.00        6     30    2040   T+1 100.0  T+7 100.0  T+15 100.0  T+30 100.0  T+45 100.0
  2026-09-02      82.00 *      5      5   15779   T+1 82.0
  2026-09-03      97.33        5     25    6398   T+1 93.24  T+7 96.63  T+15 100.4  T+30 99.06  T+45 97.48

  headline APIx = 97.33   (-2.67% against base)
  coverage: 232.3% of basket weight, 5 lead-time bucket(s)
  largest movers: DEL-BLR 94.8 (-5.2)   MAA-DEL 94.9 (-5.1)   DEL-CCU 95.6 (-4.4)   BOM-BLR 98.7 (-1.3)

  * provisional — coverage below publication threshold
Traceback (most recent call last):
  File "/home/ajeet/SIH/airfare-scraper/../engine/engine.py", line 232, in <module>
    raise SystemExit(main())
  File "/home/ajeet/SIH/airfare-scraper/../engine/engine.py", line 226, in main
    client.table("apix_daily").upsert(payload, on_conflict="day").execute()
  File "/home/ajeet/.local/lib/python3.9/site-packages/postgrest/_sync/request_builder.py", line 96, in execute
    raise APIError(dict(json_obj))
postgrest.exceptions.APIError: {'message': "Could not find the table 'public.apix_daily' in the schema cache", 'code': 'PGRST205', 'hint': "Perhaps you meant the table 'public.fares_daily'", 'details': None}

APIx — Airfare Price Index      base 2026-09-01 = 100
method: weighted Jevons on minimum logical fares, seat-weighted, min 3 obs/cell

  day              APIx   routes  cells     obs   by lead time
  2026-09-01     100.00        6     30    2040   T+1 100.0  T+7 100.0  T+15 100.0  T+30 100.0  T+45 100.0
  2026-09-02      82.00 *      5      5   15779   T+1 82.0
  2026-09-03      97.33        5     25    6514   T+1 93.24  T+7 96.63  T+15 100.4  T+30 99.06  T+45 97.48

  headline APIx = 97.33   (-2.67% against base)
  coverage: 232.3% of basket weight, 5 lead-time bucket(s)
  largest movers: DEL-BLR 94.8 (-5.2)   MAA-DEL 94.9 (-5.1)   DEL-CCU 95.6 (-4.4)   BOM-BLR 98.7 (-1.3)

  * provisional — coverage below publication threshold
Traceback (most recent call last):
  File "/home/ajeet/SIH/airfare-scraper/../engine/engine.py", line 232, in <module>
    raise SystemExit(main())
  File "/home/ajeet/SIH/airfare-scraper/../engine/engine.py", line 226, in main
    client.table("apix_daily").upsert(payload, on_conflict="day").execute()
  File "/home/ajeet/.local/lib/python3.9/site-packages/postgrest/_sync/request_builder.py", line 96, in execute
    raise APIError(dict(json_obj))
postgrest.exceptions.APIError: {'message': "Could not find the table 'public.apix_daily' in the schema cache", 'code': 'PGRST205', 'hint': "Perhaps you meant the table 'public.fares_daily'", 'details': None}

APIx — Airfare Price Index      base 2026-09-01 = 100
method: weighted Jevons on minimum logical fares, seat-weighted, min 3 obs/cell

  day              APIx   routes  cells     obs   by lead time
  2026-09-01     100.00        6     30    2040   T+1 100.0  T+7 100.0  T+15 100.0  T+30 100.0  T+45 100.0
  2026-09-02      82.00 *      5      5   15779   T+1 82.0
  2026-09-03      97.33        5     25    6626   T+1 93.24  T+7 96.63  T+15 100.4  T+30 99.06  T+45 97.48

  headline APIx = 97.33   (-2.67% against base)
  coverage: 232.3% of basket weight, 5 lead-time bucket(s)
  largest movers: DEL-BLR 94.8 (-5.2)   MAA-DEL 94.9 (-5.1)   DEL-CCU 95.6 (-4.4)   BOM-BLR 98.7 (-1.3)

  * provisional — coverage below publication threshold
Traceback (most recent call last):
  File "/home/ajeet/SIH/airfare-scraper/../engine/engine.py", line 232, in <module>
    raise SystemExit(main())
  File "/home/ajeet/SIH/airfare-scraper/../engine/engine.py", line 226, in main
    client.table("apix_daily").upsert(payload, on_conflict="day").execute()
  File "/home/ajeet/.local/lib/python3.9/site-packages/postgrest/_sync/request_builder.py", line 96, in execute
    raise APIError(dict(json_obj))
postgrest.exceptions.APIError: {'message': "Could not find the table 'public.apix_daily' in the schema cache", 'code': 'PGRST205', 'hint': "Perhaps you meant the table 'public.fares_daily'", 'details': None}

APIx — Airfare Price Index      base 2026-09-01 = 100
method: weighted Jevons on minimum logical fares, seat-weighted, min 3 obs/cell

  day              APIx   routes  cells     obs   by lead time
  2026-09-01     100.00        6     30    2040   T+1 100.0  T+7 100.0  T+15 100.0  T+30 100.0  T+45 100.0
  2026-09-02      82.00 *      5      5   15779   T+1 82.0
  2026-09-03      97.33        5     25    6739   T+1 93.24  T+7 96.63  T+15 100.4  T+30 99.06  T+45 97.48

  headline APIx = 97.33   (-2.67% against base)
  coverage: 232.3% of basket weight, 5 lead-time bucket(s)
  largest movers: DEL-BLR 94.8 (-5.2)   MAA-DEL 94.9 (-5.1)   DEL-CCU 95.6 (-4.4)   BOM-BLR 98.7 (-1.3)

  * provisional — coverage below publication threshold
Traceback (most recent call last):
  File "/home/ajeet/SIH/airfare-scraper/../engine/engine.py", line 232, in <module>
    raise SystemExit(main())
  File "/home/ajeet/SIH/airfare-scraper/../engine/engine.py", line 226, in main
    client.table("apix_daily").upsert(payload, on_conflict="day").execute()
  File "/home/ajeet/.local/lib/python3.9/site-packages/postgrest/_sync/request_builder.py", line 96, in execute
    raise APIError(dict(json_obj))
postgrest.exceptions.APIError: {'message': "Could not find the table 'public.apix_daily' in the schema cache", 'code': 'PGRST205', 'hint': "Perhaps you meant the table 'public.fares_daily'", 'details': None}

APIx — Airfare Price Index      base 2026-09-01 = 100
method: weighted Jevons on minimum logical fares, seat-weighted, min 3 obs/cell

  day              APIx   routes  cells     obs   by lead time
  2026-09-01     100.00        6     30    2040   T+1 100.0  T+7 100.0  T+15 100.0  T+30 100.0  T+45 100.0
  2026-09-02      82.00 *      5      5   15779   T+1 82.0
  2026-09-03      97.33        5     25    6853   T+1 93.24  T+7 96.63  T+15 100.4  T+30 99.06  T+45 97.48

  headline APIx = 97.33   (-2.67% against base)
  coverage: 232.3% of basket weight, 5 lead-time bucket(s)
  largest movers: DEL-BLR 94.8 (-5.2)   MAA-DEL 94.9 (-5.1)   DEL-CCU 95.6 (-4.4)   BOM-BLR 98.7 (-1.3)

  * provisional — coverage below publication threshold
Traceback (most recent call last):
  File "/home/ajeet/SIH/airfare-scraper/../engine/engine.py", line 232, in <module>
    raise SystemExit(main())
  File "/home/ajeet/SIH/airfare-scraper/../engine/engine.py", line 226, in main
    client.table("apix_daily").upsert(payload, on_conflict="day").execute()
  File "/home/ajeet/.local/lib/python3.9/site-packages/postgrest/_sync/request_builder.py", line 96, in execute
    raise APIError(dict(json_obj))
postgrest.exceptions.APIError: {'message': "Could not find the table 'public.apix_daily' in the schema cache", 'code': 'PGRST205', 'hint': "Perhaps you meant the table 'public.fares_daily'", 'details': None}

APIx — Airfare Price Index      base 2026-09-01 = 100
method: weighted Jevons on minimum logical fares, seat-weighted, min 3 obs/cell

  day              APIx   routes  cells     obs   by lead time
  2026-09-01     100.00        6     30    2040   T+1 100.0  T+7 100.0  T+15 100.0  T+30 100.0  T+45 100.0
  2026-09-02      82.00 *      5      5   15779   T+1 82.0
  2026-09-03      97.33        5     25    6967   T+1 93.24  T+7 96.63  T+15 100.4  T+30 99.06  T+45 97.48

  headline APIx = 97.33   (-2.67% against base)
  coverage: 232.3% of basket weight, 5 lead-time bucket(s)
  largest movers: DEL-BLR 94.8 (-5.2)   MAA-DEL 94.9 (-5.1)   DEL-CCU 95.6 (-4.4)   BOM-BLR 98.7 (-1.3)

  * provisional — coverage below publication threshold
Traceback (most recent call last):
  File "/home/ajeet/SIH/airfare-scraper/../engine/engine.py", line 232, in <module>
    raise SystemExit(main())
  File "/home/ajeet/SIH/airfare-scraper/../engine/engine.py", line 226, in main
    client.table("apix_daily").upsert(payload, on_conflict="day").execute()
  File "/home/ajeet/.local/lib/python3.9/site-packages/postgrest/_sync/request_builder.py", line 96, in execute
    raise APIError(dict(json_obj))
postgrest.exceptions.APIError: {'message': "Could not find the table 'public.apix_daily' in the schema cache", 'code': 'PGRST205', 'hint': "Perhaps you meant the table 'public.fares_daily'", 'details': None}

APIx — Airfare Price Index      base 2026-09-01 = 100
method: weighted Jevons on minimum logical fares, seat-weighted, min 3 obs/cell

  day              APIx   routes  cells     obs   by lead time
  2026-09-01     100.00        6     30    2040   T+1 100.0  T+7 100.0  T+15 100.0  T+30 100.0  T+45 100.0
  2026-09-02      82.00 *      5      5   15779   T+1 82.0
  2026-09-03      97.33        5     25    7081   T+1 93.24  T+7 96.63  T+15 100.4  T+30 99.06  T+45 97.48

  headline APIx = 97.33   (-2.67% against base)
  coverage: 232.3% of basket weight, 5 lead-time bucket(s)
  largest movers: DEL-BLR 94.8 (-5.2)   MAA-DEL 94.9 (-5.1)   DEL-CCU 95.6 (-4.4)   BOM-BLR 98.7 (-1.3)

  * provisional — coverage below publication threshold
Traceback (most recent call last):
  File "/home/ajeet/SIH/airfare-scraper/../engine/engine.py", line 232, in <module>
    raise SystemExit(main())
  File "/home/ajeet/SIH/airfare-scraper/../engine/engine.py", line 226, in main
    client.table("apix_daily").upsert(payload, on_conflict="day").execute()
  File "/home/ajeet/.local/lib/python3.9/site-packages/postgrest/_sync/request_builder.py", line 96, in execute
    raise APIError(dict(json_obj))
postgrest.exceptions.APIError: {'message': "Could not find the table 'public.apix_daily' in the schema cache", 'code': 'PGRST205', 'hint': "Perhaps you meant the table 'public.fares_daily'", 'details': None}

APIx — Airfare Price Index      base 2026-09-01 = 100
method: weighted Jevons on minimum logical fares, seat-weighted, min 3 obs/cell

  day              APIx   routes  cells     obs   by lead time
  2026-09-01     100.00        6     30    2040   T+1 100.0  T+7 100.0  T+15 100.0  T+30 100.0  T+45 100.0
  2026-09-02      82.00 *      5      5   15779   T+1 82.0
  2026-09-03      97.33        5     25    7192   T+1 93.24  T+7 96.63  T+15 100.4  T+30 99.06  T+45 97.48

  headline APIx = 97.33   (-2.67% against base)
  coverage: 232.3% of basket weight, 5 lead-time bucket(s)
  largest movers: DEL-BLR 94.8 (-5.2)   MAA-DEL 94.9 (-5.1)   DEL-CCU 95.6 (-4.4)   BOM-BLR 98.7 (-1.3)

  * provisional — coverage below publication threshold
Traceback (most recent call last):
  File "/home/ajeet/SIH/airfare-scraper/../engine/engine.py", line 232, in <module>
    raise SystemExit(main())
  File "/home/ajeet/SIH/airfare-scraper/../engine/engine.py", line 226, in main
    client.table("apix_daily").upsert(payload, on_conflict="day").execute()
  File "/home/ajeet/.local/lib/python3.9/site-packages/postgrest/_sync/request_builder.py", line 96, in execute
    raise APIError(dict(json_obj))
postgrest.exceptions.APIError: {'message': "Could not find the table 'public.apix_daily' in the schema cache", 'code': 'PGRST205', 'hint': "Perhaps you meant the table 'public.fares_daily'", 'details': None}

APIx — Airfare Price Index      base 2026-09-01 = 100
method: weighted Jevons on minimum logical fares, seat-weighted, min 3 obs/cell

  day              APIx   routes  cells     obs   by lead time
  2026-09-01     100.00        6     30    2040   T+1 100.0  T+7 100.0  T+15 100.0  T+30 100.0  T+45 100.0
  2026-09-02      82.00 *      5      5   15779   T+1 82.0
  2026-09-03      97.33        5     25    7305   T+1 93.24  T+7 96.63  T+15 100.4  T+30 99.06  T+45 97.48

  headline APIx = 97.33   (-2.67% against base)
  coverage: 232.3% of basket weight, 5 lead-time bucket(s)
  largest movers: DEL-BLR 94.8 (-5.2)   MAA-DEL 94.9 (-5.1)   DEL-CCU 95.6 (-4.4)   BOM-BLR 98.7 (-1.3)

  * provisional — coverage below publication threshold
Traceback (most recent call last):
  File "/home/ajeet/SIH/airfare-scraper/../engine/engine.py", line 232, in <module>
    raise SystemExit(main())
  File "/home/ajeet/SIH/airfare-scraper/../engine/engine.py", line 226, in main
    client.table("apix_daily").upsert(payload, on_conflict="day").execute()
  File "/home/ajeet/.local/lib/python3.9/site-packages/postgrest/_sync/request_builder.py", line 96, in execute
    raise APIError(dict(json_obj))
postgrest.exceptions.APIError: {'message': "Could not find the table 'public.apix_daily' in the schema cache", 'code': 'PGRST205', 'hint': "Perhaps you meant the table 'public.fares_daily'", 'details': None}

APIx — Airfare Price Index      base 2026-09-01 = 100
method: weighted Jevons on minimum logical fares, seat-weighted, min 3 obs/cell

  day              APIx   routes  cells     obs   by lead time
  2026-09-01     100.00        6     30    2040   T+1 100.0  T+7 100.0  T+15 100.0  T+30 100.0  T+45 100.0
  2026-09-02      82.00 *      5      5   15779   T+1 82.0
  2026-09-03      97.33        5     25    7417   T+1 93.24  T+7 96.63  T+15 100.4  T+30 99.06  T+45 97.48

  headline APIx = 97.33   (-2.67% against base)
  coverage: 232.3% of basket weight, 5 lead-time bucket(s)
  largest movers: DEL-BLR 94.8 (-5.2)   MAA-DEL 94.9 (-5.1)   DEL-CCU 95.6 (-4.4)   BOM-BLR 98.7 (-1.3)

  * provisional — coverage below publication threshold
Traceback (most recent call last):
  File "/home/ajeet/SIH/airfare-scraper/../engine/engine.py", line 232, in <module>
    raise SystemExit(main())
  File "/home/ajeet/SIH/airfare-scraper/../engine/engine.py", line 226, in main
    client.table("apix_daily").upsert(payload, on_conflict="day").execute()
  File "/home/ajeet/.local/lib/python3.9/site-packages/postgrest/_sync/request_builder.py", line 96, in execute
    raise APIError(dict(json_obj))
postgrest.exceptions.APIError: {'message': "Could not find the table 'public.apix_daily' in the schema cache", 'code': 'PGRST205', 'hint': "Perhaps you meant the table 'public.fares_daily'", 'details': None}

APIx — Airfare Price Index      base 2026-09-01 = 100
method: weighted Jevons on minimum logical fares, seat-weighted, min 3 obs/cell

  day              APIx   routes  cells     obs   by lead time
  2026-09-01     100.00        6     30    2040   T+1 100.0  T+7 100.0  T+15 100.0  T+30 100.0  T+45 100.0
  2026-09-02      82.00 *      5      5   15779   T+1 82.0
  2026-09-03      97.33        5     25    7528   T+1 93.24  T+7 96.63  T+15 100.4  T+30 99.06  T+45 97.48

  headline APIx = 97.33   (-2.67% against base)
  coverage: 232.3% of basket weight, 5 lead-time bucket(s)
  largest movers: DEL-BLR 94.8 (-5.2)   MAA-DEL 94.9 (-5.1)   DEL-CCU 95.6 (-4.4)   BOM-BLR 98.7 (-1.3)

  * provisional — coverage below publication threshold
Traceback (most recent call last):
  File "/home/ajeet/SIH/airfare-scraper/../engine/engine.py", line 232, in <module>
    raise SystemExit(main())
  File "/home/ajeet/SIH/airfare-scraper/../engine/engine.py", line 226, in main
    client.table("apix_daily").upsert(payload, on_conflict="day").execute()
  File "/home/ajeet/.local/lib/python3.9/site-packages/postgrest/_sync/request_builder.py", line 96, in execute
    raise APIError(dict(json_obj))
postgrest.exceptions.APIError: {'message': "Could not find the table 'public.apix_daily' in the schema cache", 'code': 'PGRST205', 'hint': "Perhaps you meant the table 'public.fares_daily'", 'details': None}

APIx — Airfare Price Index      base 2026-09-01 = 100
method: weighted Jevons on minimum logical fares, seat-weighted, min 3 obs/cell

  day              APIx   routes  cells     obs   by lead time
  2026-09-01     100.00        6     30    2040   T+1 100.0  T+7 100.0  T+15 100.0  T+30 100.0  T+45 100.0
  2026-09-02      82.00 *      5      5   15779   T+1 82.0
  2026-09-03      97.33        5     25    7640   T+1 93.24  T+7 96.63  T+15 100.4  T+30 99.06  T+45 97.48

  headline APIx = 97.33   (-2.67% against base)
  coverage: 232.3% of basket weight, 5 lead-time bucket(s)
  largest movers: DEL-BLR 94.8 (-5.2)   MAA-DEL 94.9 (-5.1)   DEL-CCU 95.6 (-4.4)   BOM-BLR 98.7 (-1.3)

  * provisional — coverage below publication threshold
Traceback (most recent call last):
  File "/home/ajeet/SIH/airfare-scraper/../engine/engine.py", line 232, in <module>
    raise SystemExit(main())
  File "/home/ajeet/SIH/airfare-scraper/../engine/engine.py", line 226, in main
    client.table("apix_daily").upsert(payload, on_conflict="day").execute()
  File "/home/ajeet/.local/lib/python3.9/site-packages/postgrest/_sync/request_builder.py", line 96, in execute
    raise APIError(dict(json_obj))
postgrest.exceptions.APIError: {'message': "Could not find the table 'public.apix_daily' in the schema cache", 'code': 'PGRST205', 'hint': "Perhaps you meant the table 'public.fares_daily'", 'details': None}

APIx — Airfare Price Index      base 2026-09-01 = 100
method: weighted Jevons on minimum logical fares, seat-weighted, min 3 obs/cell

  day              APIx   routes  cells     obs   by lead time
  2026-09-01     100.00        6     30    2040   T+1 100.0  T+7 100.0  T+15 100.0  T+30 100.0  T+45 100.0
  2026-09-02      82.00 *      5      5   15779   T+1 82.0
  2026-09-03      97.33        5     25    7750   T+1 93.24  T+7 96.63  T+15 100.4  T+30 99.06  T+45 97.48

  headline APIx = 97.33   (-2.67% against base)
  coverage: 232.3% of basket weight, 5 lead-time bucket(s)
  largest movers: DEL-BLR 94.8 (-5.2)   MAA-DEL 94.9 (-5.1)   DEL-CCU 95.6 (-4.4)   BOM-BLR 98.7 (-1.3)

  * provisional — coverage below publication threshold
Traceback (most recent call last):
  File "/home/ajeet/SIH/airfare-scraper/../engine/engine.py", line 232, in <module>
    raise SystemExit(main())
  File "/home/ajeet/SIH/airfare-scraper/../engine/engine.py", line 226, in main
    client.table("apix_daily").upsert(payload, on_conflict="day").execute()
  File "/home/ajeet/.local/lib/python3.9/site-packages/postgrest/_sync/request_builder.py", line 96, in execute
    raise APIError(dict(json_obj))
postgrest.exceptions.APIError: {'message': "Could not find the table 'public.apix_daily' in the schema cache", 'code': 'PGRST205', 'hint': "Perhaps you meant the table 'public.fares_daily'", 'details': None}

APIx — Airfare Price Index      base 2026-09-01 = 100
method: weighted Jevons on minimum logical fares, seat-weighted, min 3 obs/cell

  day              APIx   routes  cells     obs   by lead time
  2026-09-01     100.00        6     30    2040   T+1 100.0  T+7 100.0  T+15 100.0  T+30 100.0  T+45 100.0
  2026-09-02      82.00 *      5      5   15779   T+1 82.0
  2026-09-03      97.33        5     25    7864   T+1 93.24  T+7 96.63  T+15 100.4  T+30 99.06  T+45 97.48

  headline APIx = 97.33   (-2.67% against base)
  coverage: 232.3% of basket weight, 5 lead-time bucket(s)
  largest movers: DEL-BLR 94.8 (-5.2)   MAA-DEL 94.9 (-5.1)   DEL-CCU 95.6 (-4.4)   BOM-BLR 98.7 (-1.3)

  * provisional — coverage below publication threshold
Traceback (most recent call last):
  File "/home/ajeet/SIH/airfare-scraper/../engine/engine.py", line 232, in <module>
    raise SystemExit(main())
  File "/home/ajeet/SIH/airfare-scraper/../engine/engine.py", line 226, in main
    client.table("apix_daily").upsert(payload, on_conflict="day").execute()
  File "/home/ajeet/.local/lib/python3.9/site-packages/postgrest/_sync/request_builder.py", line 96, in execute
    raise APIError(dict(json_obj))
postgrest.exceptions.APIError: {'message': "Could not find the table 'public.apix_daily' in the schema cache", 'code': 'PGRST205', 'hint': "Perhaps you meant the table 'public.fares_daily'", 'details': None}

APIx — Airfare Price Index      base 2026-09-01 = 100
method: weighted Jevons on minimum logical fares, seat-weighted, min 3 obs/cell

  day              APIx   routes  cells     obs   by lead time
  2026-09-01     100.00        6     30    2040   T+1 100.0  T+7 100.0  T+15 100.0  T+30 100.0  T+45 100.0
  2026-09-02      82.00 *      5      5   15779   T+1 82.0
  2026-09-03      97.33        5     25    7977   T+1 93.24  T+7 96.63  T+15 100.4  T+30 99.06  T+45 97.48

  headline APIx = 97.33   (-2.67% against base)
  coverage: 232.3% of basket weight, 5 lead-time bucket(s)
  largest movers: DEL-BLR 94.8 (-5.2)   MAA-DEL 94.9 (-5.1)   DEL-CCU 95.6 (-4.4)   BOM-BLR 98.7 (-1.3)

  * provisional — coverage below publication threshold
Traceback (most recent call last):
  File "/home/ajeet/SIH/airfare-scraper/../engine/engine.py", line 232, in <module>
    raise SystemExit(main())
  File "/home/ajeet/SIH/airfare-scraper/../engine/engine.py", line 226, in main
    client.table("apix_daily").upsert(payload, on_conflict="day").execute()
  File "/home/ajeet/.local/lib/python3.9/site-packages/postgrest/_sync/request_builder.py", line 96, in execute
    raise APIError(dict(json_obj))
postgrest.exceptions.APIError: {'message': "Could not find the table 'public.apix_daily' in the schema cache", 'code': 'PGRST205', 'hint': "Perhaps you meant the table 'public.fares_daily'", 'details': None}

APIx — Airfare Price Index      base 2026-09-01 = 100
method: weighted Jevons on minimum logical fares, seat-weighted, min 3 obs/cell

  day              APIx   routes  cells     obs   by lead time
  2026-09-01     100.00        6     30    2040   T+1 100.0  T+7 100.0  T+15 100.0  T+30 100.0  T+45 100.0
  2026-09-02      82.00 *      5      5   15779   T+1 82.0
  2026-09-03      97.33        5     25    8090   T+1 93.24  T+7 96.63  T+15 100.4  T+30 99.06  T+45 97.48

  headline APIx = 97.33   (-2.67% against base)
  coverage: 232.3% of basket weight, 5 lead-time bucket(s)
  largest movers: DEL-BLR 94.8 (-5.2)   MAA-DEL 94.9 (-5.1)   DEL-CCU 95.6 (-4.4)   BOM-BLR 98.7 (-1.3)

  * provisional — coverage below publication threshold
Traceback (most recent call last):
  File "/home/ajeet/SIH/airfare-scraper/../engine/engine.py", line 232, in <module>
    raise SystemExit(main())
  File "/home/ajeet/SIH/airfare-scraper/../engine/engine.py", line 226, in main
    client.table("apix_daily").upsert(payload, on_conflict="day").execute()
  File "/home/ajeet/.local/lib/python3.9/site-packages/postgrest/_sync/request_builder.py", line 96, in execute
    raise APIError(dict(json_obj))
postgrest.exceptions.APIError: {'message': "Could not find the table 'public.apix_daily' in the schema cache", 'code': 'PGRST205', 'hint': "Perhaps you meant the table 'public.fares_daily'", 'details': None}

APIx — Airfare Price Index      base 2026-09-01 = 100
method: weighted Jevons on minimum logical fares, seat-weighted, min 3 obs/cell

  day              APIx   routes  cells     obs   by lead time
  2026-09-01     100.00        6     30    2040   T+1 100.0  T+7 100.0  T+15 100.0  T+30 100.0  T+45 100.0
  2026-09-02      82.00 *      5      5   15779   T+1 82.0
  2026-09-03      97.33        5     25    8203   T+1 93.24  T+7 96.63  T+15 100.4  T+30 99.06  T+45 97.48

  headline APIx = 97.33   (-2.67% against base)
  coverage: 232.3% of basket weight, 5 lead-time bucket(s)
  largest movers: DEL-BLR 94.8 (-5.2)   MAA-DEL 94.9 (-5.1)   DEL-CCU 95.6 (-4.4)   BOM-BLR 98.7 (-1.3)

  * provisional — coverage below publication threshold
Traceback (most recent call last):
  File "/home/ajeet/SIH/airfare-scraper/../engine/engine.py", line 232, in <module>
    raise SystemExit(main())
  File "/home/ajeet/SIH/airfare-scraper/../engine/engine.py", line 226, in main
    client.table("apix_daily").upsert(payload, on_conflict="day").execute()
  File "/home/ajeet/.local/lib/python3.9/site-packages/postgrest/_sync/request_builder.py", line 96, in execute
    raise APIError(dict(json_obj))
postgrest.exceptions.APIError: {'message': "Could not find the table 'public.apix_daily' in the schema cache", 'code': 'PGRST205', 'hint': "Perhaps you meant the table 'public.fares_daily'", 'details': None}

APIx — Airfare Price Index      base 2026-09-01 = 100
method: weighted Jevons on minimum logical fares, seat-weighted, min 3 obs/cell

  day              APIx   routes  cells     obs   by lead time
  2026-09-01     100.00        6     30    2040   T+1 100.0  T+7 100.0  T+15 100.0  T+30 100.0  T+45 100.0
  2026-09-02      82.00 *      5      5   15779   T+1 82.0
  2026-09-03      97.33        5     25    8316   T+1 93.24  T+7 96.63  T+15 100.4  T+30 99.06  T+45 97.48

  headline APIx = 97.33   (-2.67% against base)
  coverage: 232.3% of basket weight, 5 lead-time bucket(s)
  largest movers: DEL-BLR 94.8 (-5.2)   MAA-DEL 94.9 (-5.1)   DEL-CCU 95.6 (-4.4)   BOM-BLR 98.7 (-1.3)

  * provisional — coverage below publication threshold
Traceback (most recent call last):
  File "/home/ajeet/SIH/airfare-scraper/../engine/engine.py", line 232, in <module>
    raise SystemExit(main())
  File "/home/ajeet/SIH/airfare-scraper/../engine/engine.py", line 226, in main
    client.table("apix_daily").upsert(payload, on_conflict="day").execute()
  File "/home/ajeet/.local/lib/python3.9/site-packages/postgrest/_sync/request_builder.py", line 96, in execute
    raise APIError(dict(json_obj))
postgrest.exceptions.APIError: {'message': "Could not find the table 'public.apix_daily' in the schema cache", 'code': 'PGRST205', 'hint': "Perhaps you meant the table 'public.fares_daily'", 'details': None}

APIx — Airfare Price Index      base 2026-09-01 = 100
method: weighted Jevons on minimum logical fares, seat-weighted, min 3 obs/cell

  day              APIx   routes  cells     obs   by lead time
  2026-09-01     100.00        6     30    2040   T+1 100.0  T+7 100.0  T+15 100.0  T+30 100.0  T+45 100.0
  2026-09-02      82.00 *      5      5   15779   T+1 82.0
  2026-09-03      97.33        5     25    8432   T+1 93.24  T+7 96.63  T+15 100.4  T+30 99.06  T+45 97.48

  headline APIx = 97.33   (-2.67% against base)
  coverage: 232.3% of basket weight, 5 lead-time bucket(s)
  largest movers: DEL-BLR 94.8 (-5.2)   MAA-DEL 94.9 (-5.1)   DEL-CCU 95.6 (-4.4)   BOM-BLR 98.7 (-1.3)

  * provisional — coverage below publication threshold
Traceback (most recent call last):
  File "/home/ajeet/SIH/airfare-scraper/../engine/engine.py", line 232, in <module>
    raise SystemExit(main())
  File "/home/ajeet/SIH/airfare-scraper/../engine/engine.py", line 226, in main
    client.table("apix_daily").upsert(payload, on_conflict="day").execute()
  File "/home/ajeet/.local/lib/python3.9/site-packages/postgrest/_sync/request_builder.py", line 96, in execute
    raise APIError(dict(json_obj))
postgrest.exceptions.APIError: {'message': "Could not find the table 'public.apix_daily' in the schema cache", 'code': 'PGRST205', 'hint': "Perhaps you meant the table 'public.fares_daily'", 'details': None}

APIx — Airfare Price Index      base 2026-09-01 = 100
method: weighted Jevons on minimum logical fares, seat-weighted, min 3 obs/cell

  day              APIx   routes  cells     obs   by lead time
  2026-09-01     100.00        6     30    2040   T+1 100.0  T+7 100.0  T+15 100.0  T+30 100.0  T+45 100.0
  2026-09-02      82.00 *      5      5   15779   T+1 82.0
  2026-09-03      97.33        5     25    8543   T+1 93.24  T+7 96.63  T+15 100.4  T+30 99.06  T+45 97.48

  headline APIx = 97.33   (-2.67% against base)
  coverage: 232.3% of basket weight, 5 lead-time bucket(s)
  largest movers: DEL-BLR 94.8 (-5.2)   MAA-DEL 94.9 (-5.1)   DEL-CCU 95.6 (-4.4)   BOM-BLR 98.7 (-1.3)

  * provisional — coverage below publication threshold
Traceback (most recent call last):
  File "/home/ajeet/SIH/airfare-scraper/../engine/engine.py", line 232, in <module>
    raise SystemExit(main())
  File "/home/ajeet/SIH/airfare-scraper/../engine/engine.py", line 226, in main
    client.table("apix_daily").upsert(payload, on_conflict="day").execute()
  File "/home/ajeet/.local/lib/python3.9/site-packages/postgrest/_sync/request_builder.py", line 96, in execute
    raise APIError(dict(json_obj))
postgrest.exceptions.APIError: {'message': "Could not find the table 'public.apix_daily' in the schema cache", 'code': 'PGRST205', 'hint': "Perhaps you meant the table 'public.fares_daily'", 'details': None}

APIx — Airfare Price Index      base 2026-09-01 = 100
method: weighted Jevons on minimum logical fares, seat-weighted, min 3 obs/cell

  day              APIx   routes  cells     obs   by lead time
  2026-09-01     100.00        6     30    2040   T+1 100.0  T+7 100.0  T+15 100.0  T+30 100.0  T+45 100.0
  2026-09-02      82.00 *      5      5   15779   T+1 82.0
  2026-09-03      97.33        5     25    8657   T+1 93.24  T+7 96.63  T+15 100.4  T+30 99.06  T+45 97.48

  headline APIx = 97.33   (-2.67% against base)
  coverage: 232.3% of basket weight, 5 lead-time bucket(s)
  largest movers: DEL-BLR 94.8 (-5.2)   MAA-DEL 94.9 (-5.1)   DEL-CCU 95.6 (-4.4)   BOM-BLR 98.7 (-1.3)

  * provisional — coverage below publication threshold
Traceback (most recent call last):
  File "/home/ajeet/SIH/airfare-scraper/../engine/engine.py", line 232, in <module>
    raise SystemExit(main())
  File "/home/ajeet/SIH/airfare-scraper/../engine/engine.py", line 226, in main
    client.table("apix_daily").upsert(payload, on_conflict="day").execute()
  File "/home/ajeet/.local/lib/python3.9/site-packages/postgrest/_sync/request_builder.py", line 96, in execute
    raise APIError(dict(json_obj))
postgrest.exceptions.APIError: {'message': "Could not find the table 'public.apix_daily' in the schema cache", 'code': 'PGRST205', 'hint': "Perhaps you meant the table 'public.fares_daily'", 'details': None}

APIx — Airfare Price Index      base 2026-09-01 = 100
method: weighted Jevons on minimum logical fares, seat-weighted, min 3 obs/cell

  day              APIx   routes  cells     obs   by lead time
  2026-09-01     100.00        6     30    2040   T+1 100.0  T+7 100.0  T+15 100.0  T+30 100.0  T+45 100.0
  2026-09-02      82.00 *      5      5   15779   T+1 82.0
  2026-09-03      97.33        5     25    8771   T+1 93.24  T+7 96.63  T+15 100.4  T+30 99.06  T+45 97.48

  headline APIx = 97.33   (-2.67% against base)
  coverage: 232.3% of basket weight, 5 lead-time bucket(s)
  largest movers: DEL-BLR 94.8 (-5.2)   MAA-DEL 94.9 (-5.1)   DEL-CCU 95.6 (-4.4)   BOM-BLR 98.7 (-1.3)

  * provisional — coverage below publication threshold
Traceback (most recent call last):
  File "/home/ajeet/SIH/airfare-scraper/../engine/engine.py", line 232, in <module>
    raise SystemExit(main())
  File "/home/ajeet/SIH/airfare-scraper/../engine/engine.py", line 226, in main
    client.table("apix_daily").upsert(payload, on_conflict="day").execute()
  File "/home/ajeet/.local/lib/python3.9/site-packages/postgrest/_sync/request_builder.py", line 96, in execute
    raise APIError(dict(json_obj))
postgrest.exceptions.APIError: {'message': "Could not find the table 'public.apix_daily' in the schema cache", 'code': 'PGRST205', 'hint': "Perhaps you meant the table 'public.fares_daily'", 'details': None}

APIx — Airfare Price Index      base 2026-09-01 = 100
method: weighted Jevons on minimum logical fares, seat-weighted, min 3 obs/cell

  day              APIx   routes  cells     obs   by lead time
  2026-09-01     100.00        6     30    2040   T+1 100.0  T+7 100.0  T+15 100.0  T+30 100.0  T+45 100.0
  2026-09-02      82.00 *      5      5   15779   T+1 82.0
  2026-09-03      97.33        5     25    8884   T+1 93.24  T+7 96.63  T+15 100.4  T+30 99.06  T+45 97.48

  headline APIx = 97.33   (-2.67% against base)
  coverage: 232.3% of basket weight, 5 lead-time bucket(s)
  largest movers: DEL-BLR 94.8 (-5.2)   MAA-DEL 94.9 (-5.1)   DEL-CCU 95.6 (-4.4)   BOM-BLR 98.7 (-1.3)

  * provisional — coverage below publication threshold
Traceback (most recent call last):
  File "/home/ajeet/SIH/airfare-scraper/../engine/engine.py", line 232, in <module>
    raise SystemExit(main())
  File "/home/ajeet/SIH/airfare-scraper/../engine/engine.py", line 226, in main
    client.table("apix_daily").upsert(payload, on_conflict="day").execute()
  File "/home/ajeet/.local/lib/python3.9/site-packages/postgrest/_sync/request_builder.py", line 96, in execute
    raise APIError(dict(json_obj))
postgrest.exceptions.APIError: {'message': "Could not find the table 'public.apix_daily' in the schema cache", 'code': 'PGRST205', 'hint': "Perhaps you meant the table 'public.fares_daily'", 'details': None}

APIx — Airfare Price Index      base 2026-09-01 = 100
method: weighted Jevons on minimum logical fares, seat-weighted, min 3 obs/cell

  day              APIx   routes  cells     obs   by lead time
  2026-09-01     100.00        6     30    2040   T+1 100.0  T+7 100.0  T+15 100.0  T+30 100.0  T+45 100.0
  2026-09-02      82.00 *      5      5   15779   T+1 82.0
  2026-09-03      97.33        5     25    8996   T+1 93.24  T+7 96.63  T+15 100.4  T+30 99.06  T+45 97.48

  headline APIx = 97.33   (-2.67% against base)
  coverage: 232.3% of basket weight, 5 lead-time bucket(s)
  largest movers: DEL-BLR 94.8 (-5.2)   MAA-DEL 94.9 (-5.1)   DEL-CCU 95.6 (-4.4)   BOM-BLR 98.7 (-1.3)

  * provisional — coverage below publication threshold
Traceback (most recent call last):
  File "/home/ajeet/SIH/airfare-scraper/../engine/engine.py", line 232, in <module>
    raise SystemExit(main())
  File "/home/ajeet/SIH/airfare-scraper/../engine/engine.py", line 226, in main
    client.table("apix_daily").upsert(payload, on_conflict="day").execute()
  File "/home/ajeet/.local/lib/python3.9/site-packages/postgrest/_sync/request_builder.py", line 96, in execute
    raise APIError(dict(json_obj))
postgrest.exceptions.APIError: {'message': "Could not find the table 'public.apix_daily' in the schema cache", 'code': 'PGRST205', 'hint': "Perhaps you meant the table 'public.fares_daily'", 'details': None}

APIx — Airfare Price Index      base 2026-09-01 = 100
method: weighted Jevons on minimum logical fares, seat-weighted, min 3 obs/cell

  day              APIx   routes  cells     obs   by lead time
  2026-09-01     100.00        6     30    2040   T+1 100.0  T+7 100.0  T+15 100.0  T+30 100.0  T+45 100.0
  2026-09-02      82.00 *      5      5   15779   T+1 82.0
  2026-09-03      97.33        5     25    9109   T+1 93.24  T+7 96.63  T+15 100.4  T+30 99.06  T+45 97.48

  headline APIx = 97.33   (-2.67% against base)
  coverage: 232.3% of basket weight, 5 lead-time bucket(s)
  largest movers: DEL-BLR 94.8 (-5.2)   MAA-DEL 94.9 (-5.1)   DEL-CCU 95.6 (-4.4)   BOM-BLR 98.7 (-1.3)

  * provisional — coverage below publication threshold
Traceback (most recent call last):
  File "/home/ajeet/SIH/airfare-scraper/../engine/engine.py", line 232, in <module>
    raise SystemExit(main())
  File "/home/ajeet/SIH/airfare-scraper/../engine/engine.py", line 226, in main
    client.table("apix_daily").upsert(payload, on_conflict="day").execute()
  File "/home/ajeet/.local/lib/python3.9/site-packages/postgrest/_sync/request_builder.py", line 96, in execute
    raise APIError(dict(json_obj))
postgrest.exceptions.APIError: {'message': "Could not find the table 'public.apix_daily' in the schema cache", 'code': 'PGRST205', 'hint': "Perhaps you meant the table 'public.fares_daily'", 'details': None}

APIx — Airfare Price Index      base 2026-09-01 = 100
method: weighted Jevons on minimum logical fares, seat-weighted, min 3 obs/cell

  day              APIx   routes  cells     obs   by lead time
  2026-09-01     100.00        6     30    2040   T+1 100.0  T+7 100.0  T+15 100.0  T+30 100.0  T+45 100.0
  2026-09-02      82.00 *      5      5   15779   T+1 82.0
  2026-09-03      97.33        5     25    9221   T+1 93.24  T+7 96.63  T+15 100.4  T+30 99.06  T+45 97.48

  headline APIx = 97.33   (-2.67% against base)
  coverage: 232.3% of basket weight, 5 lead-time bucket(s)
  largest movers: DEL-BLR 94.8 (-5.2)   MAA-DEL 94.9 (-5.1)   DEL-CCU 95.6 (-4.4)   BOM-BLR 98.7 (-1.3)

  * provisional — coverage below publication threshold
Traceback (most recent call last):
  File "/home/ajeet/SIH/airfare-scraper/../engine/engine.py", line 232, in <module>
    raise SystemExit(main())
  File "/home/ajeet/SIH/airfare-scraper/../engine/engine.py", line 226, in main
    client.table("apix_daily").upsert(payload, on_conflict="day").execute()
  File "/home/ajeet/.local/lib/python3.9/site-packages/postgrest/_sync/request_builder.py", line 96, in execute
    raise APIError(dict(json_obj))
postgrest.exceptions.APIError: {'message': "Could not find the table 'public.apix_daily' in the schema cache", 'code': 'PGRST205', 'hint': "Perhaps you meant the table 'public.fares_daily'", 'details': None}

APIx — Airfare Price Index      base 2026-09-01 = 100
method: weighted Jevons on minimum logical fares, seat-weighted, min 3 obs/cell

  day              APIx   routes  cells     obs   by lead time
  2026-09-01     100.00        6     30    2040   T+1 100.0  T+7 100.0  T+15 100.0  T+30 100.0  T+45 100.0
  2026-09-02      82.00 *      5      5   15779   T+1 82.0
  2026-09-03      97.33        5     25    9336   T+1 93.24  T+7 96.63  T+15 100.4  T+30 99.06  T+45 97.48

  headline APIx = 97.33   (-2.67% against base)
  coverage: 232.3% of basket weight, 5 lead-time bucket(s)
  largest movers: DEL-BLR 94.8 (-5.2)   MAA-DEL 94.9 (-5.1)   DEL-CCU 95.6 (-4.4)   BOM-BLR 98.7 (-1.3)

  * provisional — coverage below publication threshold
Traceback (most recent call last):
  File "/home/ajeet/SIH/airfare-scraper/../engine/engine.py", line 232, in <module>
    raise SystemExit(main())
  File "/home/ajeet/SIH/airfare-scraper/../engine/engine.py", line 226, in main
    client.table("apix_daily").upsert(payload, on_conflict="day").execute()
  File "/home/ajeet/.local/lib/python3.9/site-packages/postgrest/_sync/request_builder.py", line 96, in execute
    raise APIError(dict(json_obj))
postgrest.exceptions.APIError: {'message': "Could not find the table 'public.apix_daily' in the schema cache", 'code': 'PGRST205', 'hint': "Perhaps you meant the table 'public.fares_daily'", 'details': None}

APIx — Airfare Price Index      base 2026-09-01 = 100
method: weighted Jevons on minimum logical fares, seat-weighted, min 3 obs/cell

  day              APIx   routes  cells     obs   by lead time
  2026-09-01     100.00        6     30    2040   T+1 100.0  T+7 100.0  T+15 100.0  T+30 100.0  T+45 100.0
  2026-09-02      82.00 *      5      5   15779   T+1 82.0
  2026-09-03      97.33        5     25    9447   T+1 93.24  T+7 96.63  T+15 100.4  T+30 99.06  T+45 97.48

  headline APIx = 97.33   (-2.67% against base)
  coverage: 232.3% of basket weight, 5 lead-time bucket(s)
  largest movers: DEL-BLR 94.8 (-5.2)   MAA-DEL 94.9 (-5.1)   DEL-CCU 95.6 (-4.4)   BOM-BLR 98.7 (-1.3)

  * provisional — coverage below publication threshold
Traceback (most recent call last):
  File "/home/ajeet/SIH/airfare-scraper/../engine/engine.py", line 232, in <module>
    raise SystemExit(main())
  File "/home/ajeet/SIH/airfare-scraper/../engine/engine.py", line 226, in main
    client.table("apix_daily").upsert(payload, on_conflict="day").execute()
  File "/home/ajeet/.local/lib/python3.9/site-packages/postgrest/_sync/request_builder.py", line 96, in execute
    raise APIError(dict(json_obj))
postgrest.exceptions.APIError: {'message': "Could not find the table 'public.apix_daily' in the schema cache", 'code': 'PGRST205', 'hint': "Perhaps you meant the table 'public.fares_daily'", 'details': None}

APIx — Airfare Price Index      base 2026-09-01 = 100
method: weighted Jevons on minimum logical fares, seat-weighted, min 3 obs/cell

  day              APIx   routes  cells     obs   by lead time
  2026-09-01     100.00        6     30    2040   T+1 100.0  T+7 100.0  T+15 100.0  T+30 100.0  T+45 100.0
  2026-09-02      82.00 *      5      5   15779   T+1 82.0
  2026-09-03      97.33        5     25    9560   T+1 93.24  T+7 96.63  T+15 100.4  T+30 99.06  T+45 97.48

  headline APIx = 97.33   (-2.67% against base)
  coverage: 232.3% of basket weight, 5 lead-time bucket(s)
  largest movers: DEL-BLR 94.8 (-5.2)   MAA-DEL 94.9 (-5.1)   DEL-CCU 95.6 (-4.4)   BOM-BLR 98.7 (-1.3)

  * provisional — coverage below publication threshold
Traceback (most recent call last):
  File "/home/ajeet/SIH/airfare-scraper/../engine/engine.py", line 232, in <module>
    raise SystemExit(main())
  File "/home/ajeet/SIH/airfare-scraper/../engine/engine.py", line 226, in main
    client.table("apix_daily").upsert(payload, on_conflict="day").execute()
  File "/home/ajeet/.local/lib/python3.9/site-packages/postgrest/_sync/request_builder.py", line 96, in execute
    raise APIError(dict(json_obj))
postgrest.exceptions.APIError: {'message': "Could not find the table 'public.apix_daily' in the schema cache", 'code': 'PGRST205', 'hint': "Perhaps you meant the table 'public.fares_daily'", 'details': None}

APIx — Airfare Price Index      base 2026-09-01 = 100
method: weighted Jevons on minimum logical fares, seat-weighted, min 3 obs/cell

  day              APIx   routes  cells     obs   by lead time
  2026-09-01     100.00        6     30    2040   T+1 100.0  T+7 100.0  T+15 100.0  T+30 100.0  T+45 100.0
  2026-09-02      82.00 *      5      5   15779   T+1 82.0
  2026-09-03      97.33        5     25    9669   T+1 93.24  T+7 96.63  T+15 100.4  T+30 99.06  T+45 97.48

  headline APIx = 97.33   (-2.67% against base)
  coverage: 232.3% of basket weight, 5 lead-time bucket(s)
  largest movers: DEL-BLR 94.8 (-5.2)   MAA-DEL 94.9 (-5.1)   DEL-CCU 95.6 (-4.4)   BOM-BLR 98.7 (-1.3)

  * provisional — coverage below publication threshold
Traceback (most recent call last):
  File "/home/ajeet/SIH/airfare-scraper/../engine/engine.py", line 232, in <module>
    raise SystemExit(main())
  File "/home/ajeet/SIH/airfare-scraper/../engine/engine.py", line 226, in main
    client.table("apix_daily").upsert(payload, on_conflict="day").execute()
  File "/home/ajeet/.local/lib/python3.9/site-packages/postgrest/_sync/request_builder.py", line 96, in execute
    raise APIError(dict(json_obj))
postgrest.exceptions.APIError: {'message': "Could not find the table 'public.apix_daily' in the schema cache", 'code': 'PGRST205', 'hint': "Perhaps you meant the table 'public.fares_daily'", 'details': None}

APIx — Airfare Price Index      base 2026-09-01 = 100
method: weighted Jevons on minimum logical fares, seat-weighted, min 3 obs/cell

  day              APIx   routes  cells     obs   by lead time
  2026-09-01     100.00        6     30    2040   T+1 100.0  T+7 100.0  T+15 100.0  T+30 100.0  T+45 100.0
  2026-09-02      82.00 *      5      5   15779   T+1 82.0
  2026-09-03      97.33        5     25    9782   T+1 93.24  T+7 96.63  T+15 100.4  T+30 99.06  T+45 97.48

  headline APIx = 97.33   (-2.67% against base)
  coverage: 232.3% of basket weight, 5 lead-time bucket(s)
  largest movers: DEL-BLR 94.8 (-5.2)   MAA-DEL 94.9 (-5.1)   DEL-CCU 95.6 (-4.4)   BOM-BLR 98.7 (-1.3)

  * provisional — coverage below publication threshold
Traceback (most recent call last):
  File "/home/ajeet/SIH/airfare-scraper/../engine/engine.py", line 232, in <module>
    raise SystemExit(main())
  File "/home/ajeet/SIH/airfare-scraper/../engine/engine.py", line 226, in main
    client.table("apix_daily").upsert(payload, on_conflict="day").execute()
  File "/home/ajeet/.local/lib/python3.9/site-packages/postgrest/_sync/request_builder.py", line 96, in execute
    raise APIError(dict(json_obj))
postgrest.exceptions.APIError: {'message': "Could not find the table 'public.apix_daily' in the schema cache", 'code': 'PGRST205', 'hint': "Perhaps you meant the table 'public.fares_daily'", 'details': None}

APIx — Airfare Price Index      base 2026-09-01 = 100
method: weighted Jevons on minimum logical fares, seat-weighted, min 3 obs/cell

  day              APIx   routes  cells     obs   by lead time
  2026-09-01     100.00        6     30    2040   T+1 100.0  T+7 100.0  T+15 100.0  T+30 100.0  T+45 100.0
  2026-09-02      82.00 *      5      5   15779   T+1 82.0
  2026-09-03      97.33        5     25    9892   T+1 93.24  T+7 96.63  T+15 100.4  T+30 99.06  T+45 97.48

  headline APIx = 97.33   (-2.67% against base)
  coverage: 232.3% of basket weight, 5 lead-time bucket(s)
  largest movers: DEL-BLR 94.8 (-5.2)   MAA-DEL 94.9 (-5.1)   DEL-CCU 95.6 (-4.4)   BOM-BLR 98.7 (-1.3)

  * provisional — coverage below publication threshold
Traceback (most recent call last):
  File "/home/ajeet/SIH/airfare-scraper/../engine/engine.py", line 232, in <module>
    raise SystemExit(main())
  File "/home/ajeet/SIH/airfare-scraper/../engine/engine.py", line 226, in main
    client.table("apix_daily").upsert(payload, on_conflict="day").execute()
  File "/home/ajeet/.local/lib/python3.9/site-packages/postgrest/_sync/request_builder.py", line 96, in execute
    raise APIError(dict(json_obj))
postgrest.exceptions.APIError: {'message': "Could not find the table 'public.apix_daily' in the schema cache", 'code': 'PGRST205', 'hint': "Perhaps you meant the table 'public.fares_daily'", 'details': None}

APIx — Airfare Price Index      base 2026-09-01 = 100
method: weighted Jevons on minimum logical fares, seat-weighted, min 3 obs/cell

  day              APIx   routes  cells     obs   by lead time
  2026-09-01     100.00        6     30    2040   T+1 100.0  T+7 100.0  T+15 100.0  T+30 100.0  T+45 100.0
  2026-09-02      82.00 *      5      5   15779   T+1 82.0
  2026-09-03      97.33        5     25   10000   T+1 93.24  T+7 96.63  T+15 100.4  T+30 99.06  T+45 97.48

  headline APIx = 97.33   (-2.67% against base)
  coverage: 232.3% of basket weight, 5 lead-time bucket(s)
  largest movers: DEL-BLR 94.8 (-5.2)   MAA-DEL 94.9 (-5.1)   DEL-CCU 95.6 (-4.4)   BOM-BLR 98.7 (-1.3)

  * provisional — coverage below publication threshold
Traceback (most recent call last):
  File "/home/ajeet/SIH/airfare-scraper/../engine/engine.py", line 232, in <module>
    raise SystemExit(main())
  File "/home/ajeet/SIH/airfare-scraper/../engine/engine.py", line 226, in main
    client.table("apix_daily").upsert(payload, on_conflict="day").execute()
  File "/home/ajeet/.local/lib/python3.9/site-packages/postgrest/_sync/request_builder.py", line 96, in execute
    raise APIError(dict(json_obj))
postgrest.exceptions.APIError: {'message': "Could not find the table 'public.apix_daily' in the schema cache", 'code': 'PGRST205', 'hint': "Perhaps you meant the table 'public.fares_daily'", 'details': None}

APIx — Airfare Price Index      base 2026-09-01 = 100
method: weighted Jevons on minimum logical fares, seat-weighted, min 3 obs/cell

  day              APIx   routes  cells     obs   by lead time
  2026-09-01     100.00        6     30    2040   T+1 100.0  T+7 100.0  T+15 100.0  T+30 100.0  T+45 100.0
  2026-09-02      82.00 *      5      5   15779   T+1 82.0
  2026-09-03      97.33        5     25   10116   T+1 93.24  T+7 96.63  T+15 100.4  T+30 99.06  T+45 97.48

  headline APIx = 97.33   (-2.67% against base)
  coverage: 232.3% of basket weight, 5 lead-time bucket(s)
  largest movers: DEL-BLR 94.8 (-5.2)   MAA-DEL 94.9 (-5.1)   DEL-CCU 95.6 (-4.4)   BOM-BLR 98.7 (-1.3)

  * provisional — coverage below publication threshold
Traceback (most recent call last):
  File "/home/ajeet/SIH/airfare-scraper/../engine/engine.py", line 232, in <module>
    raise SystemExit(main())
  File "/home/ajeet/SIH/airfare-scraper/../engine/engine.py", line 226, in main
    client.table("apix_daily").upsert(payload, on_conflict="day").execute()
  File "/home/ajeet/.local/lib/python3.9/site-packages/postgrest/_sync/request_builder.py", line 96, in execute
    raise APIError(dict(json_obj))
postgrest.exceptions.APIError: {'message': "Could not find the table 'public.apix_daily' in the schema cache", 'code': 'PGRST205', 'hint': "Perhaps you meant the table 'public.fares_daily'", 'details': None}

APIx — Airfare Price Index      base 2026-09-01 = 100
method: weighted Jevons on minimum logical fares, seat-weighted, min 3 obs/cell

  day              APIx   routes  cells     obs   by lead time
  2026-09-01     100.00        6     30    2040   T+1 100.0  T+7 100.0  T+15 100.0  T+30 100.0  T+45 100.0
  2026-09-02      82.00 *      5      5   15779   T+1 82.0
  2026-09-03      97.33        5     25   10228   T+1 93.24  T+7 96.63  T+15 100.4  T+30 99.06  T+45 97.48

  headline APIx = 97.33   (-2.67% against base)
  coverage: 232.3% of basket weight, 5 lead-time bucket(s)
  largest movers: DEL-BLR 94.8 (-5.2)   MAA-DEL 94.9 (-5.1)   DEL-CCU 95.6 (-4.4)   BOM-BLR 98.7 (-1.3)

  * provisional — coverage below publication threshold
Traceback (most recent call last):
  File "/home/ajeet/SIH/airfare-scraper/../engine/engine.py", line 232, in <module>
    raise SystemExit(main())
  File "/home/ajeet/SIH/airfare-scraper/../engine/engine.py", line 226, in main
    client.table("apix_daily").upsert(payload, on_conflict="day").execute()
  File "/home/ajeet/.local/lib/python3.9/site-packages/postgrest/_sync/request_builder.py", line 96, in execute
    raise APIError(dict(json_obj))
postgrest.exceptions.APIError: {'message': "Could not find the table 'public.apix_daily' in the schema cache", 'code': 'PGRST205', 'hint': "Perhaps you meant the table 'public.fares_daily'", 'details': None}

APIx — Airfare Price Index      base 2026-09-01 = 100
method: weighted Jevons on minimum logical fares, seat-weighted, min 3 obs/cell

  day              APIx   routes  cells     obs   by lead time
  2026-09-01     100.00        6     30    2040   T+1 100.0  T+7 100.0  T+15 100.0  T+30 100.0  T+45 100.0
  2026-09-02      82.00 *      5      5   15779   T+1 82.0
  2026-09-03      97.33        5     25   10344   T+1 93.24  T+7 96.63  T+15 100.4  T+30 99.06  T+45 97.48

  headline APIx = 97.33   (-2.67% against base)
  coverage: 232.3% of basket weight, 5 lead-time bucket(s)
  largest movers: DEL-BLR 94.8 (-5.2)   MAA-DEL 94.9 (-5.1)   DEL-CCU 95.6 (-4.4)   BOM-BLR 98.7 (-1.3)

  * provisional — coverage below publication threshold
Traceback (most recent call last):
  File "/home/ajeet/SIH/airfare-scraper/../engine/engine.py", line 232, in <module>
    raise SystemExit(main())
  File "/home/ajeet/SIH/airfare-scraper/../engine/engine.py", line 226, in main
    client.table("apix_daily").upsert(payload, on_conflict="day").execute()
  File "/home/ajeet/.local/lib/python3.9/site-packages/postgrest/_sync/request_builder.py", line 96, in execute
    raise APIError(dict(json_obj))
postgrest.exceptions.APIError: {'message': "Could not find the table 'public.apix_daily' in the schema cache", 'code': 'PGRST205', 'hint': "Perhaps you meant the table 'public.fares_daily'", 'details': None}

APIx — Airfare Price Index      base 2026-09-01 = 100
method: weighted Jevons on minimum logical fares, seat-weighted, min 3 obs/cell

  day              APIx   routes  cells     obs   by lead time
  2026-09-01     100.00        6     30    2040   T+1 100.0  T+7 100.0  T+15 100.0  T+30 100.0  T+45 100.0
  2026-09-02      82.00 *      5      5   15779   T+1 82.0
  2026-09-03      97.33        5     25   10456   T+1 93.24  T+7 96.63  T+15 100.4  T+30 99.06  T+45 97.48

  headline APIx = 97.33   (-2.67% against base)
  coverage: 232.3% of basket weight, 5 lead-time bucket(s)
  largest movers: DEL-BLR 94.8 (-5.2)   MAA-DEL 94.9 (-5.1)   DEL-CCU 95.6 (-4.4)   BOM-BLR 98.7 (-1.3)

  * provisional — coverage below publication threshold
Traceback (most recent call last):
  File "/home/ajeet/SIH/airfare-scraper/../engine/engine.py", line 232, in <module>
    raise SystemExit(main())
  File "/home/ajeet/SIH/airfare-scraper/../engine/engine.py", line 226, in main
    client.table("apix_daily").upsert(payload, on_conflict="day").execute()
  File "/home/ajeet/.local/lib/python3.9/site-packages/postgrest/_sync/request_builder.py", line 96, in execute
    raise APIError(dict(json_obj))
postgrest.exceptions.APIError: {'message': "Could not find the table 'public.apix_daily' in the schema cache", 'code': 'PGRST205', 'hint': "Perhaps you meant the table 'public.fares_daily'", 'details': None}

APIx — Airfare Price Index      base 2026-09-01 = 100
method: weighted Jevons on minimum logical fares, seat-weighted, min 3 obs/cell

  day              APIx   routes  cells     obs   by lead time
  2026-09-01     100.00        6     30    2040   T+1 100.0  T+7 100.0  T+15 100.0  T+30 100.0  T+45 100.0
  2026-09-02      82.00 *      5      5   15779   T+1 82.0
  2026-09-03      97.33        5     25   10565   T+1 93.24  T+7 96.63  T+15 100.4  T+30 99.06  T+45 97.48

  headline APIx = 97.33   (-2.67% against base)
  coverage: 232.3% of basket weight, 5 lead-time bucket(s)
  largest movers: DEL-BLR 94.8 (-5.2)   MAA-DEL 94.9 (-5.1)   DEL-CCU 95.6 (-4.4)   BOM-BLR 98.7 (-1.3)

  * provisional — coverage below publication threshold
Traceback (most recent call last):
  File "/home/ajeet/SIH/airfare-scraper/../engine/engine.py", line 232, in <module>
    raise SystemExit(main())
  File "/home/ajeet/SIH/airfare-scraper/../engine/engine.py", line 226, in main
    client.table("apix_daily").upsert(payload, on_conflict="day").execute()
  File "/home/ajeet/.local/lib/python3.9/site-packages/postgrest/_sync/request_builder.py", line 96, in execute
    raise APIError(dict(json_obj))
postgrest.exceptions.APIError: {'message': "Could not find the table 'public.apix_daily' in the schema cache", 'code': 'PGRST205', 'hint': "Perhaps you meant the table 'public.fares_daily'", 'details': None}

APIx — Airfare Price Index      base 2026-09-01 = 100
method: weighted Jevons on minimum logical fares, seat-weighted, min 3 obs/cell

  day              APIx   routes  cells     obs   by lead time
  2026-09-01     100.00        6     30    2040   T+1 100.0  T+7 100.0  T+15 100.0  T+30 100.0  T+45 100.0
  2026-09-02      82.00 *      5      5   15779   T+1 82.0
  2026-09-03      97.33        5     25   10678   T+1 93.24  T+7 96.63  T+15 100.4  T+30 99.06  T+45 97.48

  headline APIx = 97.33   (-2.67% against base)
  coverage: 232.3% of basket weight, 5 lead-time bucket(s)
  largest movers: DEL-BLR 94.8 (-5.2)   MAA-DEL 94.9 (-5.1)   DEL-CCU 95.6 (-4.4)   BOM-BLR 98.7 (-1.3)

  * provisional — coverage below publication threshold
Traceback (most recent call last):
  File "/home/ajeet/SIH/airfare-scraper/../engine/engine.py", line 232, in <module>
    raise SystemExit(main())
  File "/home/ajeet/SIH/airfare-scraper/../engine/engine.py", line 226, in main
    client.table("apix_daily").upsert(payload, on_conflict="day").execute()
  File "/home/ajeet/.local/lib/python3.9/site-packages/postgrest/_sync/request_builder.py", line 96, in execute
    raise APIError(dict(json_obj))
postgrest.exceptions.APIError: {'message': "Could not find the table 'public.apix_daily' in the schema cache", 'code': 'PGRST205', 'hint': "Perhaps you meant the table 'public.fares_daily'", 'details': None}

APIx — Airfare Price Index      base 2026-09-01 = 100
method: weighted Jevons on minimum logical fares, seat-weighted, min 3 obs/cell

  day              APIx   routes  cells     obs   by lead time
  2026-09-01     100.00        6     30    2040   T+1 100.0  T+7 100.0  T+15 100.0  T+30 100.0  T+45 100.0
  2026-09-02      82.00 *      5      5   15779   T+1 82.0
  2026-09-03      97.33        5     25   10793   T+1 93.24  T+7 96.63  T+15 100.4  T+30 99.06  T+45 97.48

  headline APIx = 97.33   (-2.67% against base)
  coverage: 232.3% of basket weight, 5 lead-time bucket(s)
  largest movers: DEL-BLR 94.8 (-5.2)   MAA-DEL 94.9 (-5.1)   DEL-CCU 95.6 (-4.4)   BOM-BLR 98.7 (-1.3)

  * provisional — coverage below publication threshold
Traceback (most recent call last):
  File "/home/ajeet/SIH/airfare-scraper/../engine/engine.py", line 232, in <module>
    raise SystemExit(main())
  File "/home/ajeet/SIH/airfare-scraper/../engine/engine.py", line 226, in main
    client.table("apix_daily").upsert(payload, on_conflict="day").execute()
  File "/home/ajeet/.local/lib/python3.9/site-packages/postgrest/_sync/request_builder.py", line 96, in execute
    raise APIError(dict(json_obj))
postgrest.exceptions.APIError: {'message': "Could not find the table 'public.apix_daily' in the schema cache", 'code': 'PGRST205', 'hint': "Perhaps you meant the table 'public.fares_daily'", 'details': None}

APIx — Airfare Price Index      base 2026-09-01 = 100
method: weighted Jevons on minimum logical fares, seat-weighted, min 3 obs/cell

  day              APIx   routes  cells     obs   by lead time
  2026-09-01     100.00        6     30    2040   T+1 100.0  T+7 100.0  T+15 100.0  T+30 100.0  T+45 100.0
  2026-09-02      82.00 *      5      5   15779   T+1 82.0
  2026-09-03      97.33        5     25   10908   T+1 93.24  T+7 96.63  T+15 100.4  T+30 99.06  T+45 97.48

  headline APIx = 97.33   (-2.67% against base)
  coverage: 232.3% of basket weight, 5 lead-time bucket(s)
  largest movers: DEL-BLR 94.8 (-5.2)   MAA-DEL 94.9 (-5.1)   DEL-CCU 95.6 (-4.4)   BOM-BLR 98.7 (-1.3)

  * provisional — coverage below publication threshold
Traceback (most recent call last):
  File "/home/ajeet/SIH/airfare-scraper/../engine/engine.py", line 232, in <module>
    raise SystemExit(main())
  File "/home/ajeet/SIH/airfare-scraper/../engine/engine.py", line 226, in main
    client.table("apix_daily").upsert(payload, on_conflict="day").execute()
  File "/home/ajeet/.local/lib/python3.9/site-packages/postgrest/_sync/request_builder.py", line 96, in execute
    raise APIError(dict(json_obj))
postgrest.exceptions.APIError: {'message': "Could not find the table 'public.apix_daily' in the schema cache", 'code': 'PGRST205', 'hint': "Perhaps you meant the table 'public.fares_daily'", 'details': None}

APIx — Airfare Price Index      base 2026-09-01 = 100
method: weighted Jevons on minimum logical fares, seat-weighted, min 3 obs/cell

  day              APIx   routes  cells     obs   by lead time
  2026-09-01     100.00        6     30    2040   T+1 100.0  T+7 100.0  T+15 100.0  T+30 100.0  T+45 100.0
  2026-09-02      82.00 *      5      5   15779   T+1 82.0
  2026-09-03      97.33        5     25   11021   T+1 93.24  T+7 96.63  T+15 100.4  T+30 99.06  T+45 97.48

  headline APIx = 97.33   (-2.67% against base)
  coverage: 232.3% of basket weight, 5 lead-time bucket(s)
  largest movers: DEL-BLR 94.8 (-5.2)   MAA-DEL 94.9 (-5.1)   DEL-CCU 95.6 (-4.4)   BOM-BLR 98.7 (-1.3)

  * provisional — coverage below publication threshold
Traceback (most recent call last):
  File "/home/ajeet/SIH/airfare-scraper/../engine/engine.py", line 232, in <module>
    raise SystemExit(main())
  File "/home/ajeet/SIH/airfare-scraper/../engine/engine.py", line 226, in main
    client.table("apix_daily").upsert(payload, on_conflict="day").execute()
  File "/home/ajeet/.local/lib/python3.9/site-packages/postgrest/_sync/request_builder.py", line 96, in execute
    raise APIError(dict(json_obj))
postgrest.exceptions.APIError: {'message': "Could not find the table 'public.apix_daily' in the schema cache", 'code': 'PGRST205', 'hint': "Perhaps you meant the table 'public.fares_daily'", 'details': None}

APIx — Airfare Price Index      base 2026-09-01 = 100
method: weighted Jevons on minimum logical fares, seat-weighted, min 3 obs/cell

  day              APIx   routes  cells     obs   by lead time
  2026-09-01     100.00        6     30    2040   T+1 100.0  T+7 100.0  T+15 100.0  T+30 100.0  T+45 100.0
  2026-09-02      82.00 *      5      5   15779   T+1 82.0
  2026-09-03      97.33        5     25   11132   T+1 93.24  T+7 96.63  T+15 100.4  T+30 99.06  T+45 97.48

  headline APIx = 97.33   (-2.67% against base)
  coverage: 232.3% of basket weight, 5 lead-time bucket(s)
  largest movers: DEL-BLR 94.8 (-5.2)   MAA-DEL 94.9 (-5.1)   DEL-CCU 95.6 (-4.4)   BOM-BLR 98.7 (-1.3)

  * provisional — coverage below publication threshold
Traceback (most recent call last):
  File "/home/ajeet/SIH/airfare-scraper/../engine/engine.py", line 232, in <module>
    raise SystemExit(main())
  File "/home/ajeet/SIH/airfare-scraper/../engine/engine.py", line 226, in main
    client.table("apix_daily").upsert(payload, on_conflict="day").execute()
  File "/home/ajeet/.local/lib/python3.9/site-packages/postgrest/_sync/request_builder.py", line 96, in execute
    raise APIError(dict(json_obj))
postgrest.exceptions.APIError: {'message': "Could not find the table 'public.apix_daily' in the schema cache", 'code': 'PGRST205', 'hint': "Perhaps you meant the table 'public.fares_daily'", 'details': None}

APIx — Airfare Price Index      base 2026-09-01 = 100
method: weighted Jevons on minimum logical fares, seat-weighted, min 3 obs/cell

  day              APIx   routes  cells     obs   by lead time
  2026-09-01     100.00        6     30    2040   T+1 100.0  T+7 100.0  T+15 100.0  T+30 100.0  T+45 100.0
  2026-09-02      82.00 *      5      5   15779   T+1 82.0
  2026-09-03      97.33        5     25   11246   T+1 93.24  T+7 96.63  T+15 100.4  T+30 99.06  T+45 97.48

  headline APIx = 97.33   (-2.67% against base)
  coverage: 232.3% of basket weight, 5 lead-time bucket(s)
  largest movers: DEL-BLR 94.8 (-5.2)   MAA-DEL 94.9 (-5.1)   DEL-CCU 95.6 (-4.4)   BOM-BLR 98.7 (-1.3)

  * provisional — coverage below publication threshold
Traceback (most recent call last):
  File "/home/ajeet/SIH/airfare-scraper/../engine/engine.py", line 232, in <module>
    raise SystemExit(main())
  File "/home/ajeet/SIH/airfare-scraper/../engine/engine.py", line 226, in main
    client.table("apix_daily").upsert(payload, on_conflict="day").execute()
  File "/home/ajeet/.local/lib/python3.9/site-packages/postgrest/_sync/request_builder.py", line 96, in execute
    raise APIError(dict(json_obj))
postgrest.exceptions.APIError: {'message': "Could not find the table 'public.apix_daily' in the schema cache", 'code': 'PGRST205', 'hint': "Perhaps you meant the table 'public.fares_daily'", 'details': None}

APIx — Airfare Price Index      base 2026-09-01 = 100
method: weighted Jevons on minimum logical fares, seat-weighted, min 3 obs/cell

  day              APIx   routes  cells     obs   by lead time
  2026-09-01     100.00        6     30    2040   T+1 100.0  T+7 100.0  T+15 100.0  T+30 100.0  T+45 100.0
  2026-09-02      82.00 *      5      5   15779   T+1 82.0
  2026-09-03      97.33        5     25   11363   T+1 93.24  T+7 96.63  T+15 100.4  T+30 99.06  T+45 97.48

  headline APIx = 97.33   (-2.67% against base)
  coverage: 232.3% of basket weight, 5 lead-time bucket(s)
  largest movers: DEL-BLR 94.8 (-5.2)   MAA-DEL 94.9 (-5.1)   DEL-CCU 95.6 (-4.4)   BOM-BLR 98.7 (-1.3)

  * provisional — coverage below publication threshold
Traceback (most recent call last):
  File "/home/ajeet/SIH/airfare-scraper/../engine/engine.py", line 232, in <module>
    raise SystemExit(main())
  File "/home/ajeet/SIH/airfare-scraper/../engine/engine.py", line 226, in main
    client.table("apix_daily").upsert(payload, on_conflict="day").execute()
  File "/home/ajeet/.local/lib/python3.9/site-packages/postgrest/_sync/request_builder.py", line 96, in execute
    raise APIError(dict(json_obj))
postgrest.exceptions.APIError: {'message': "Could not find the table 'public.apix_daily' in the schema cache", 'code': 'PGRST205', 'hint': "Perhaps you meant the table 'public.fares_daily'", 'details': None}

APIx — Airfare Price Index      base 2026-09-01 = 100
method: weighted Jevons on minimum logical fares, seat-weighted, min 3 obs/cell

  day              APIx   routes  cells     obs   by lead time
  2026-09-01     100.00        6     30    2040   T+1 100.0  T+7 100.0  T+15 100.0  T+30 100.0  T+45 100.0
  2026-09-02      82.00 *      5      5   15779   T+1 82.0
  2026-09-03      97.33        5     25   11472   T+1 93.24  T+7 96.63  T+15 100.4  T+30 99.06  T+45 97.48

  headline APIx = 97.33   (-2.67% against base)
  coverage: 232.3% of basket weight, 5 lead-time bucket(s)
  largest movers: DEL-BLR 94.8 (-5.2)   MAA-DEL 94.9 (-5.1)   DEL-CCU 95.6 (-4.4)   BOM-BLR 98.7 (-1.3)

  * provisional — coverage below publication threshold
Traceback (most recent call last):
  File "/home/ajeet/SIH/airfare-scraper/../engine/engine.py", line 232, in <module>
    raise SystemExit(main())
  File "/home/ajeet/SIH/airfare-scraper/../engine/engine.py", line 226, in main
    client.table("apix_daily").upsert(payload, on_conflict="day").execute()
  File "/home/ajeet/.local/lib/python3.9/site-packages/postgrest/_sync/request_builder.py", line 96, in execute
    raise APIError(dict(json_obj))
postgrest.exceptions.APIError: {'message': "Could not find the table 'public.apix_daily' in the schema cache", 'code': 'PGRST205', 'hint': "Perhaps you meant the table 'public.fares_daily'", 'details': None}

APIx — Airfare Price Index      base 2026-09-01 = 100
method: weighted Jevons on minimum logical fares, seat-weighted, min 3 obs/cell

  day              APIx   routes  cells     obs   by lead time
  2026-09-01     100.00        6     30    2040   T+1 100.0  T+7 100.0  T+15 100.0  T+30 100.0  T+45 100.0
  2026-09-02      82.00 *      5      5   15779   T+1 82.0
  2026-09-03      97.33        5     25   11582   T+1 93.24  T+7 96.63  T+15 100.4  T+30 99.06  T+45 97.48

  headline APIx = 97.33   (-2.67% against base)
  coverage: 232.3% of basket weight, 5 lead-time bucket(s)
  largest movers: DEL-BLR 94.8 (-5.2)   MAA-DEL 94.9 (-5.1)   DEL-CCU 95.6 (-4.4)   BOM-BLR 98.7 (-1.3)

  * provisional — coverage below publication threshold
Traceback (most recent call last):
  File "/home/ajeet/SIH/airfare-scraper/../engine/engine.py", line 232, in <module>
    raise SystemExit(main())
  File "/home/ajeet/SIH/airfare-scraper/../engine/engine.py", line 226, in main
    client.table("apix_daily").upsert(payload, on_conflict="day").execute()
  File "/home/ajeet/.local/lib/python3.9/site-packages/postgrest/_sync/request_builder.py", line 96, in execute
    raise APIError(dict(json_obj))
postgrest.exceptions.APIError: {'message': "Could not find the table 'public.apix_daily' in the schema cache", 'code': 'PGRST205', 'hint': "Perhaps you meant the table 'public.fares_daily'", 'details': None}

APIx — Airfare Price Index      base 2026-09-01 = 100
method: weighted Jevons on minimum logical fares, seat-weighted, min 3 obs/cell

  day              APIx   routes  cells     obs   by lead time
  2026-09-01     100.00        6     30    2040   T+1 100.0  T+7 100.0  T+15 100.0  T+30 100.0  T+45 100.0
  2026-09-02      82.00 *      5      5   15779   T+1 82.0
  2026-09-03      97.33        5     25   11695   T+1 93.24  T+7 96.63  T+15 100.4  T+30 99.06  T+45 97.48

  headline APIx = 97.33   (-2.67% against base)
  coverage: 232.3% of basket weight, 5 lead-time bucket(s)
  largest movers: DEL-BLR 94.8 (-5.2)   MAA-DEL 94.9 (-5.1)   DEL-CCU 95.6 (-4.4)   BOM-BLR 98.7 (-1.3)

  * provisional — coverage below publication threshold
Traceback (most recent call last):
  File "/home/ajeet/SIH/airfare-scraper/../engine/engine.py", line 232, in <module>
    raise SystemExit(main())
  File "/home/ajeet/SIH/airfare-scraper/../engine/engine.py", line 226, in main
    client.table("apix_daily").upsert(payload, on_conflict="day").execute()
  File "/home/ajeet/.local/lib/python3.9/site-packages/postgrest/_sync/request_builder.py", line 96, in execute
    raise APIError(dict(json_obj))
postgrest.exceptions.APIError: {'message': "Could not find the table 'public.apix_daily' in the schema cache", 'code': 'PGRST205', 'hint': "Perhaps you meant the table 'public.fares_daily'", 'details': None}

APIx — Airfare Price Index      base 2026-09-01 = 100
method: weighted Jevons on minimum logical fares, seat-weighted, min 3 obs/cell

  day              APIx   routes  cells     obs   by lead time
  2026-09-01     100.00        6     30    2040   T+1 100.0  T+7 100.0  T+15 100.0  T+30 100.0  T+45 100.0
  2026-09-02      82.00 *      5      5   15779   T+1 82.0
  2026-09-03      97.33        5     25   11809   T+1 93.24  T+7 96.63  T+15 100.4  T+30 99.06  T+45 97.48

  headline APIx = 97.33   (-2.67% against base)
  coverage: 232.3% of basket weight, 5 lead-time bucket(s)
  largest movers: DEL-BLR 94.8 (-5.2)   MAA-DEL 94.9 (-5.1)   DEL-CCU 95.6 (-4.4)   BOM-BLR 98.7 (-1.3)

  * provisional — coverage below publication threshold
Traceback (most recent call last):
  File "/home/ajeet/SIH/airfare-scraper/../engine/engine.py", line 232, in <module>
    raise SystemExit(main())
  File "/home/ajeet/SIH/airfare-scraper/../engine/engine.py", line 226, in main
    client.table("apix_daily").upsert(payload, on_conflict="day").execute()
  File "/home/ajeet/.local/lib/python3.9/site-packages/postgrest/_sync/request_builder.py", line 96, in execute
    raise APIError(dict(json_obj))
postgrest.exceptions.APIError: {'message': "Could not find the table 'public.apix_daily' in the schema cache", 'code': 'PGRST205', 'hint': "Perhaps you meant the table 'public.fares_daily'", 'details': None}

APIx — Airfare Price Index      base 2026-09-01 = 100
method: weighted Jevons on minimum logical fares, seat-weighted, min 3 obs/cell

  day              APIx   routes  cells     obs   by lead time
  2026-09-01     100.00        6     30    2040   T+1 100.0  T+7 100.0  T+15 100.0  T+30 100.0  T+45 100.0
  2026-09-02      82.00 *      5      5   15779   T+1 82.0
  2026-09-03      97.33        5     25   11924   T+1 93.24  T+7 96.63  T+15 100.4  T+30 99.06  T+45 97.48

  headline APIx = 97.33   (-2.67% against base)
  coverage: 232.3% of basket weight, 5 lead-time bucket(s)
  largest movers: DEL-BLR 94.8 (-5.2)   MAA-DEL 94.9 (-5.1)   DEL-CCU 95.6 (-4.4)   BOM-BLR 98.7 (-1.3)

  * provisional — coverage below publication threshold
Traceback (most recent call last):
  File "/home/ajeet/SIH/airfare-scraper/../engine/engine.py", line 232, in <module>
    raise SystemExit(main())
  File "/home/ajeet/SIH/airfare-scraper/../engine/engine.py", line 226, in main
    client.table("apix_daily").upsert(payload, on_conflict="day").execute()
  File "/home/ajeet/.local/lib/python3.9/site-packages/postgrest/_sync/request_builder.py", line 96, in execute
    raise APIError(dict(json_obj))
postgrest.exceptions.APIError: {'message': "Could not find the table 'public.apix_daily' in the schema cache", 'code': 'PGRST205', 'hint': "Perhaps you meant the table 'public.fares_daily'", 'details': None}

APIx — Airfare Price Index      base 2026-09-01 = 100
method: weighted Jevons on minimum logical fares, seat-weighted, min 3 obs/cell

  day              APIx   routes  cells     obs   by lead time
  2026-09-01     100.00        6     30    2040   T+1 100.0  T+7 100.0  T+15 100.0  T+30 100.0  T+45 100.0
  2026-09-02      82.00 *      5      5   15779   T+1 82.0
  2026-09-03      97.33        5     25   12038   T+1 93.24  T+7 96.63  T+15 100.4  T+30 99.06  T+45 97.48

  headline APIx = 97.33   (-2.67% against base)
  coverage: 232.3% of basket weight, 5 lead-time bucket(s)
  largest movers: DEL-BLR 94.8 (-5.2)   MAA-DEL 94.9 (-5.1)   DEL-CCU 95.6 (-4.4)   BOM-BLR 98.7 (-1.3)

  * provisional — coverage below publication threshold
Traceback (most recent call last):
  File "/home/ajeet/SIH/airfare-scraper/../engine/engine.py", line 232, in <module>
    raise SystemExit(main())
  File "/home/ajeet/SIH/airfare-scraper/../engine/engine.py", line 226, in main
    client.table("apix_daily").upsert(payload, on_conflict="day").execute()
  File "/home/ajeet/.local/lib/python3.9/site-packages/postgrest/_sync/request_builder.py", line 96, in execute
    raise APIError(dict(json_obj))
postgrest.exceptions.APIError: {'message': "Could not find the table 'public.apix_daily' in the schema cache", 'code': 'PGRST205', 'hint': "Perhaps you meant the table 'public.fares_daily'", 'details': None}

APIx — Airfare Price Index      base 2026-09-01 = 100
method: weighted Jevons on minimum logical fares, seat-weighted, min 3 obs/cell

  day              APIx   routes  cells     obs   by lead time
  2026-09-01     100.00        6     30    2040   T+1 100.0  T+7 100.0  T+15 100.0  T+30 100.0  T+45 100.0
  2026-09-02      82.00 *      5      5   15779   T+1 82.0
  2026-09-03      97.33        5     25   12152   T+1 93.24  T+7 96.63  T+15 100.4  T+30 99.06  T+45 97.48

  headline APIx = 97.33   (-2.67% against base)
  coverage: 232.3% of basket weight, 5 lead-time bucket(s)
  largest movers: DEL-BLR 94.8 (-5.2)   MAA-DEL 94.9 (-5.1)   DEL-CCU 95.6 (-4.4)   BOM-BLR 98.7 (-1.3)

  * provisional — coverage below publication threshold
Traceback (most recent call last):
  File "/home/ajeet/SIH/airfare-scraper/../engine/engine.py", line 232, in <module>
    raise SystemExit(main())
  File "/home/ajeet/SIH/airfare-scraper/../engine/engine.py", line 226, in main
    client.table("apix_daily").upsert(payload, on_conflict="day").execute()
  File "/home/ajeet/.local/lib/python3.9/site-packages/postgrest/_sync/request_builder.py", line 96, in execute
    raise APIError(dict(json_obj))
postgrest.exceptions.APIError: {'message': "Could not find the table 'public.apix_daily' in the schema cache", 'code': 'PGRST205', 'hint': "Perhaps you meant the table 'public.fares_daily'", 'details': None}

APIx — Airfare Price Index      base 2026-09-01 = 100
method: weighted Jevons on minimum logical fares, seat-weighted, min 3 obs/cell

  day              APIx   routes  cells     obs   by lead time
  2026-09-01     100.00        6     30    2040   T+1 100.0  T+7 100.0  T+15 100.0  T+30 100.0  T+45 100.0
  2026-09-02      82.00 *      5      5   15779   T+1 82.0
  2026-09-03      97.33        5     25   12263   T+1 93.24  T+7 96.63  T+15 100.4  T+30 99.06  T+45 97.48

  headline APIx = 97.33   (-2.67% against base)
  coverage: 232.3% of basket weight, 5 lead-time bucket(s)
  largest movers: DEL-BLR 94.8 (-5.2)   MAA-DEL 94.9 (-5.1)   DEL-CCU 95.6 (-4.4)   BOM-BLR 98.7 (-1.3)

  * provisional — coverage below publication threshold
Traceback (most recent call last):
  File "/home/ajeet/SIH/airfare-scraper/../engine/engine.py", line 232, in <module>
    raise SystemExit(main())
  File "/home/ajeet/SIH/airfare-scraper/../engine/engine.py", line 226, in main
    client.table("apix_daily").upsert(payload, on_conflict="day").execute()
  File "/home/ajeet/.local/lib/python3.9/site-packages/postgrest/_sync/request_builder.py", line 96, in execute
    raise APIError(dict(json_obj))
postgrest.exceptions.APIError: {'message': "Could not find the table 'public.apix_daily' in the schema cache", 'code': 'PGRST205', 'hint': "Perhaps you meant the table 'public.fares_daily'", 'details': None}

APIx — Airfare Price Index      base 2026-09-01 = 100
method: weighted Jevons on minimum logical fares, seat-weighted, min 3 obs/cell

  day              APIx   routes  cells     obs   by lead time
  2026-09-01     100.00        6     30    2040   T+1 100.0  T+7 100.0  T+15 100.0  T+30 100.0  T+45 100.0
  2026-09-02      82.00 *      5      5   15779   T+1 82.0
  2026-09-03      97.33        5     25   12375   T+1 93.24  T+7 96.63  T+15 100.4  T+30 99.06  T+45 97.48

  headline APIx = 97.33   (-2.67% against base)
  coverage: 232.3% of basket weight, 5 lead-time bucket(s)
  largest movers: DEL-BLR 94.8 (-5.2)   MAA-DEL 94.9 (-5.1)   DEL-CCU 95.6 (-4.4)   BOM-BLR 98.7 (-1.3)

  * provisional — coverage below publication threshold
Traceback (most recent call last):
  File "/home/ajeet/SIH/airfare-scraper/../engine/engine.py", line 232, in <module>
    raise SystemExit(main())
  File "/home/ajeet/SIH/airfare-scraper/../engine/engine.py", line 226, in main
    client.table("apix_daily").upsert(payload, on_conflict="day").execute()
  File "/home/ajeet/.local/lib/python3.9/site-packages/postgrest/_sync/request_builder.py", line 96, in execute
    raise APIError(dict(json_obj))
postgrest.exceptions.APIError: {'message': "Could not find the table 'public.apix_daily' in the schema cache", 'code': 'PGRST205', 'hint': "Perhaps you meant the table 'public.fares_daily'", 'details': None}

APIx — Airfare Price Index      base 2026-09-01 = 100
method: weighted Jevons on minimum logical fares, seat-weighted, min 3 obs/cell

  day              APIx   routes  cells     obs   by lead time
  2026-09-01     100.00        6     30    2040   T+1 100.0  T+7 100.0  T+15 100.0  T+30 100.0  T+45 100.0
  2026-09-02      82.00 *      5      5   15779   T+1 82.0
  2026-09-03      97.33        5     25   12481   T+1 93.24  T+7 96.63  T+15 100.4  T+30 99.06  T+45 97.48

  headline APIx = 97.33   (-2.67% against base)
  coverage: 232.3% of basket weight, 5 lead-time bucket(s)
  largest movers: DEL-BLR 94.8 (-5.2)   MAA-DEL 94.9 (-5.1)   DEL-CCU 95.6 (-4.4)   BOM-BLR 98.7 (-1.3)

  * provisional — coverage below publication threshold
Traceback (most recent call last):
  File "/home/ajeet/SIH/airfare-scraper/../engine/engine.py", line 232, in <module>
    raise SystemExit(main())
  File "/home/ajeet/SIH/airfare-scraper/../engine/engine.py", line 226, in main
    client.table("apix_daily").upsert(payload, on_conflict="day").execute()
  File "/home/ajeet/.local/lib/python3.9/site-packages/postgrest/_sync/request_builder.py", line 96, in execute
    raise APIError(dict(json_obj))
postgrest.exceptions.APIError: {'message': "Could not find the table 'public.apix_daily' in the schema cache", 'code': 'PGRST205', 'hint': "Perhaps you meant the table 'public.fares_daily'", 'details': None}

APIx — Airfare Price Index      base 2026-09-01 = 100
method: weighted Jevons on minimum logical fares, seat-weighted, min 3 obs/cell

  day              APIx   routes  cells     obs   by lead time
  2026-09-01     100.00        6     30    2040   T+1 100.0  T+7 100.0  T+15 100.0  T+30 100.0  T+45 100.0
  2026-09-02      82.00 *      5      5   15779   T+1 82.0
  2026-09-03      97.33        5     25   12592   T+1 93.24  T+7 96.63  T+15 100.4  T+30 99.06  T+45 97.48

  headline APIx = 97.33   (-2.67% against base)
  coverage: 232.3% of basket weight, 5 lead-time bucket(s)
  largest movers: DEL-BLR 94.8 (-5.2)   MAA-DEL 94.9 (-5.1)   DEL-CCU 95.6 (-4.4)   BOM-BLR 98.7 (-1.3)

  * provisional — coverage below publication threshold
Traceback (most recent call last):
  File "/home/ajeet/SIH/airfare-scraper/../engine/engine.py", line 232, in <module>
    raise SystemExit(main())
  File "/home/ajeet/SIH/airfare-scraper/../engine/engine.py", line 226, in main
    client.table("apix_daily").upsert(payload, on_conflict="day").execute()
  File "/home/ajeet/.local/lib/python3.9/site-packages/postgrest/_sync/request_builder.py", line 96, in execute
    raise APIError(dict(json_obj))
postgrest.exceptions.APIError: {'message': "Could not find the table 'public.apix_daily' in the schema cache", 'code': 'PGRST205', 'hint': "Perhaps you meant the table 'public.fares_daily'", 'details': None}

APIx — Airfare Price Index      base 2026-09-01 = 100
method: weighted Jevons on minimum logical fares, seat-weighted, min 3 obs/cell

  day              APIx   routes  cells     obs   by lead time
  2026-09-01     100.00        6     30    2040   T+1 100.0  T+7 100.0  T+15 100.0  T+30 100.0  T+45 100.0
  2026-09-02      82.00 *      5      5   15779   T+1 82.0
  2026-09-03      97.33        5     25   12704   T+1 93.24  T+7 96.63  T+15 100.4  T+30 99.06  T+45 97.48

  headline APIx = 97.33   (-2.67% against base)
  coverage: 232.3% of basket weight, 5 lead-time bucket(s)
  largest movers: DEL-BLR 94.8 (-5.2)   MAA-DEL 94.9 (-5.1)   DEL-CCU 95.6 (-4.4)   BOM-BLR 98.7 (-1.3)

  * provisional — coverage below publication threshold
Traceback (most recent call last):
  File "/home/ajeet/SIH/airfare-scraper/../engine/engine.py", line 232, in <module>
    raise SystemExit(main())
  File "/home/ajeet/SIH/airfare-scraper/../engine/engine.py", line 226, in main
    client.table("apix_daily").upsert(payload, on_conflict="day").execute()
  File "/home/ajeet/.local/lib/python3.9/site-packages/postgrest/_sync/request_builder.py", line 96, in execute
    raise APIError(dict(json_obj))
postgrest.exceptions.APIError: {'message': "Could not find the table 'public.apix_daily' in the schema cache", 'code': 'PGRST205', 'hint': "Perhaps you meant the table 'public.fares_daily'", 'details': None}

APIx — Airfare Price Index      base 2026-09-01 = 100
method: weighted Jevons on minimum logical fares, seat-weighted, min 3 obs/cell

  day              APIx   routes  cells     obs   by lead time
  2026-09-01     100.00        6     30    2040   T+1 100.0  T+7 100.0  T+15 100.0  T+30 100.0  T+45 100.0
  2026-09-02      82.00 *      5      5   15779   T+1 82.0
  2026-09-03      97.33        5     25   12812   T+1 93.24  T+7 96.63  T+15 100.4  T+30 99.06  T+45 97.48

  headline APIx = 97.33   (-2.67% against base)
  coverage: 232.3% of basket weight, 5 lead-time bucket(s)
  largest movers: DEL-BLR 94.8 (-5.2)   MAA-DEL 94.9 (-5.1)   DEL-CCU 95.6 (-4.4)   BOM-BLR 98.7 (-1.3)

  * provisional — coverage below publication threshold
Traceback (most recent call last):
  File "/home/ajeet/SIH/airfare-scraper/../engine/engine.py", line 232, in <module>
    raise SystemExit(main())
  File "/home/ajeet/SIH/airfare-scraper/../engine/engine.py", line 226, in main
    client.table("apix_daily").upsert(payload, on_conflict="day").execute()
  File "/home/ajeet/.local/lib/python3.9/site-packages/postgrest/_sync/request_builder.py", line 96, in execute
    raise APIError(dict(json_obj))
postgrest.exceptions.APIError: {'message': "Could not find the table 'public.apix_daily' in the schema cache", 'code': 'PGRST205', 'hint': "Perhaps you meant the table 'public.fares_daily'", 'details': None}

APIx — Airfare Price Index      base 2026-09-01 = 100
method: weighted Jevons on minimum logical fares, seat-weighted, min 3 obs/cell

  day              APIx   routes  cells     obs   by lead time
  2026-09-01     100.00        6     30    2040   T+1 100.0  T+7 100.0  T+15 100.0  T+30 100.0  T+45 100.0
  2026-09-02      82.00 *      5      5   15779   T+1 82.0
  2026-09-03      97.33        5     25   12920   T+1 93.24  T+7 96.63  T+15 100.4  T+30 99.06  T+45 97.48

  headline APIx = 97.33   (-2.67% against base)
  coverage: 232.3% of basket weight, 5 lead-time bucket(s)
  largest movers: DEL-BLR 94.8 (-5.2)   MAA-DEL 94.9 (-5.1)   DEL-CCU 95.6 (-4.4)   BOM-BLR 98.7 (-1.3)

  * provisional — coverage below publication threshold
Traceback (most recent call last):
  File "/home/ajeet/SIH/airfare-scraper/../engine/engine.py", line 232, in <module>
    raise SystemExit(main())
  File "/home/ajeet/SIH/airfare-scraper/../engine/engine.py", line 226, in main
    client.table("apix_daily").upsert(payload, on_conflict="day").execute()
  File "/home/ajeet/.local/lib/python3.9/site-packages/postgrest/_sync/request_builder.py", line 96, in execute
    raise APIError(dict(json_obj))
postgrest.exceptions.APIError: {'message': "Could not find the table 'public.apix_daily' in the schema cache", 'code': 'PGRST205', 'hint': "Perhaps you meant the table 'public.fares_daily'", 'details': None}

APIx — Airfare Price Index      base 2026-09-01 = 100
method: weighted Jevons on minimum logical fares, seat-weighted, min 3 obs/cell

  day              APIx   routes  cells     obs   by lead time
  2026-09-01     100.00        6     30    2040   T+1 100.0  T+7 100.0  T+15 100.0  T+30 100.0  T+45 100.0
  2026-09-02      82.00 *      5      5   15779   T+1 82.0
  2026-09-03      97.33        5     25   13034   T+1 93.24  T+7 96.63  T+15 100.4  T+30 99.06  T+45 97.48

  headline APIx = 97.33   (-2.67% against base)
  coverage: 232.3% of basket weight, 5 lead-time bucket(s)
  largest movers: DEL-BLR 94.8 (-5.2)   MAA-DEL 94.9 (-5.1)   DEL-CCU 95.6 (-4.4)   BOM-BLR 98.7 (-1.3)

  * provisional — coverage below publication threshold
Traceback (most recent call last):
  File "/home/ajeet/SIH/airfare-scraper/../engine/engine.py", line 232, in <module>
    raise SystemExit(main())
  File "/home/ajeet/SIH/airfare-scraper/../engine/engine.py", line 226, in main
    client.table("apix_daily").upsert(payload, on_conflict="day").execute()
  File "/home/ajeet/.local/lib/python3.9/site-packages/postgrest/_sync/request_builder.py", line 96, in execute
    raise APIError(dict(json_obj))
postgrest.exceptions.APIError: {'message': "Could not find the table 'public.apix_daily' in the schema cache", 'code': 'PGRST205', 'hint': "Perhaps you meant the table 'public.fares_daily'", 'details': None}

APIx — Airfare Price Index      base 2026-09-01 = 100
method: weighted Jevons on minimum logical fares, seat-weighted, min 3 obs/cell

  day              APIx   routes  cells     obs   by lead time
  2026-09-01     100.00        6     30    2040   T+1 100.0  T+7 100.0  T+15 100.0  T+30 100.0  T+45 100.0
  2026-09-02      82.00 *      5      5   15779   T+1 82.0
  2026-09-03      97.33        5     25   13146   T+1 93.24  T+7 96.63  T+15 100.4  T+30 99.06  T+45 97.48

  headline APIx = 97.33   (-2.67% against base)
  coverage: 232.3% of basket weight, 5 lead-time bucket(s)
  largest movers: DEL-BLR 94.8 (-5.2)   MAA-DEL 94.9 (-5.1)   DEL-CCU 95.6 (-4.4)   BOM-BLR 98.7 (-1.3)

  * provisional — coverage below publication threshold
Traceback (most recent call last):
  File "/home/ajeet/SIH/airfare-scraper/../engine/engine.py", line 232, in <module>
    raise SystemExit(main())
  File "/home/ajeet/SIH/airfare-scraper/../engine/engine.py", line 226, in main
    client.table("apix_daily").upsert(payload, on_conflict="day").execute()
  File "/home/ajeet/.local/lib/python3.9/site-packages/postgrest/_sync/request_builder.py", line 96, in execute
    raise APIError(dict(json_obj))
postgrest.exceptions.APIError: {'message': "Could not find the table 'public.apix_daily' in the schema cache", 'code': 'PGRST205', 'hint': "Perhaps you meant the table 'public.fares_daily'", 'details': None}

APIx — Airfare Price Index      base 2026-09-01 = 100
method: weighted Jevons on minimum logical fares, seat-weighted, min 3 obs/cell

  day              APIx   routes  cells     obs   by lead time
  2026-09-01     100.00        6     30    2040   T+1 100.0  T+7 100.0  T+15 100.0  T+30 100.0  T+45 100.0
  2026-09-02      82.00 *      5      5   15779   T+1 82.0
  2026-09-03      97.33        5     25   13260   T+1 93.24  T+7 96.63  T+15 100.4  T+30 99.06  T+45 97.48

  headline APIx = 97.33   (-2.67% against base)
  coverage: 232.3% of basket weight, 5 lead-time bucket(s)
  largest movers: DEL-BLR 94.8 (-5.2)   MAA-DEL 94.9 (-5.1)   DEL-CCU 95.6 (-4.4)   BOM-BLR 98.7 (-1.3)

  * provisional — coverage below publication threshold
Traceback (most recent call last):
  File "/home/ajeet/SIH/airfare-scraper/../engine/engine.py", line 232, in <module>
    raise SystemExit(main())
  File "/home/ajeet/SIH/airfare-scraper/../engine/engine.py", line 226, in main
    client.table("apix_daily").upsert(payload, on_conflict="day").execute()
  File "/home/ajeet/.local/lib/python3.9/site-packages/postgrest/_sync/request_builder.py", line 96, in execute
    raise APIError(dict(json_obj))
postgrest.exceptions.APIError: {'message': "Could not find the table 'public.apix_daily' in the schema cache", 'code': 'PGRST205', 'hint': "Perhaps you meant the table 'public.fares_daily'", 'details': None}

APIx — Airfare Price Index      base 2026-09-01 = 100
method: weighted Jevons on minimum logical fares, seat-weighted, min 3 obs/cell

  day              APIx   routes  cells     obs   by lead time
  2026-09-01     100.00        6     30    2040   T+1 100.0  T+7 100.0  T+15 100.0  T+30 100.0  T+45 100.0
  2026-09-02      82.00 *      5      5   15779   T+1 82.0
  2026-09-03      97.33        5     25   13374   T+1 93.24  T+7 96.63  T+15 100.4  T+30 99.06  T+45 97.48

  headline APIx = 97.33   (-2.67% against base)
  coverage: 232.3% of basket weight, 5 lead-time bucket(s)
  largest movers: DEL-BLR 94.8 (-5.2)   MAA-DEL 94.9 (-5.1)   DEL-CCU 95.6 (-4.4)   BOM-BLR 98.7 (-1.3)

  * provisional — coverage below publication threshold
Traceback (most recent call last):
  File "/home/ajeet/SIH/airfare-scraper/../engine/engine.py", line 232, in <module>
    raise SystemExit(main())
  File "/home/ajeet/SIH/airfare-scraper/../engine/engine.py", line 226, in main
    client.table("apix_daily").upsert(payload, on_conflict="day").execute()
  File "/home/ajeet/.local/lib/python3.9/site-packages/postgrest/_sync/request_builder.py", line 96, in execute
    raise APIError(dict(json_obj))
postgrest.exceptions.APIError: {'message': "Could not find the table 'public.apix_daily' in the schema cache", 'code': 'PGRST205', 'hint': "Perhaps you meant the table 'public.fares_daily'", 'details': None}

APIx — Airfare Price Index      base 2026-09-01 = 100
method: weighted Jevons on minimum logical fares, seat-weighted, min 3 obs/cell

  day              APIx   routes  cells     obs   by lead time
  2026-09-01     100.00        6     30    2040   T+1 100.0  T+7 100.0  T+15 100.0  T+30 100.0  T+45 100.0
  2026-09-02      82.00 *      5      5   15779   T+1 82.0
  2026-09-03      97.33        5     25   13487   T+1 93.24  T+7 96.63  T+15 100.4  T+30 99.06  T+45 97.48

  headline APIx = 97.33   (-2.67% against base)
  coverage: 232.3% of basket weight, 5 lead-time bucket(s)
  largest movers: DEL-BLR 94.8 (-5.2)   MAA-DEL 94.9 (-5.1)   DEL-CCU 95.6 (-4.4)   BOM-BLR 98.7 (-1.3)

  * provisional — coverage below publication threshold
Traceback (most recent call last):
  File "/home/ajeet/SIH/airfare-scraper/../engine/engine.py", line 232, in <module>
    raise SystemExit(main())
  File "/home/ajeet/SIH/airfare-scraper/../engine/engine.py", line 226, in main
    client.table("apix_daily").upsert(payload, on_conflict="day").execute()
  File "/home/ajeet/.local/lib/python3.9/site-packages/postgrest/_sync/request_builder.py", line 96, in execute
    raise APIError(dict(json_obj))
postgrest.exceptions.APIError: {'message': "Could not find the table 'public.apix_daily' in the schema cache", 'code': 'PGRST205', 'hint': "Perhaps you meant the table 'public.fares_daily'", 'details': None}

APIx — Airfare Price Index      base 2026-09-01 = 100
method: weighted Jevons on minimum logical fares, seat-weighted, min 3 obs/cell

  day              APIx   routes  cells     obs   by lead time
  2026-09-01     100.00        6     30    2040   T+1 100.0  T+7 100.0  T+15 100.0  T+30 100.0  T+45 100.0
  2026-09-02      82.00 *      5      5   15779   T+1 82.0
  2026-09-03      97.33        5     25   13602   T+1 93.24  T+7 96.63  T+15 100.4  T+30 99.06  T+45 97.48

  headline APIx = 97.33   (-2.67% against base)
  coverage: 232.3% of basket weight, 5 lead-time bucket(s)
  largest movers: DEL-BLR 94.8 (-5.2)   MAA-DEL 94.9 (-5.1)   DEL-CCU 95.6 (-4.4)   BOM-BLR 98.7 (-1.3)

  * provisional — coverage below publication threshold
Traceback (most recent call last):
  File "/home/ajeet/SIH/airfare-scraper/../engine/engine.py", line 232, in <module>
    raise SystemExit(main())
  File "/home/ajeet/SIH/airfare-scraper/../engine/engine.py", line 226, in main
    client.table("apix_daily").upsert(payload, on_conflict="day").execute()
  File "/home/ajeet/.local/lib/python3.9/site-packages/postgrest/_sync/request_builder.py", line 96, in execute
    raise APIError(dict(json_obj))
postgrest.exceptions.APIError: {'message': "Could not find the table 'public.apix_daily' in the schema cache", 'code': 'PGRST205', 'hint': "Perhaps you meant the table 'public.fares_daily'", 'details': None}

APIx — Airfare Price Index      base 2026-09-01 = 100
method: weighted Jevons on minimum logical fares, seat-weighted, min 3 obs/cell

  day              APIx   routes  cells     obs   by lead time
  2026-09-01     100.00        6     30    2040   T+1 100.0  T+7 100.0  T+15 100.0  T+30 100.0  T+45 100.0
  2026-09-02      82.00 *      5      5   15779   T+1 82.0
  2026-09-03      97.33        5     25   13716   T+1 93.24  T+7 96.63  T+15 100.4  T+30 99.06  T+45 97.48

  headline APIx = 97.33   (-2.67% against base)
  coverage: 232.3% of basket weight, 5 lead-time bucket(s)
  largest movers: DEL-BLR 94.8 (-5.2)   MAA-DEL 94.9 (-5.1)   DEL-CCU 95.6 (-4.4)   BOM-BLR 98.7 (-1.3)

  * provisional — coverage below publication threshold
Traceback (most recent call last):
  File "/home/ajeet/SIH/airfare-scraper/../engine/engine.py", line 232, in <module>
    raise SystemExit(main())
  File "/home/ajeet/SIH/airfare-scraper/../engine/engine.py", line 226, in main
    client.table("apix_daily").upsert(payload, on_conflict="day").execute()
  File "/home/ajeet/.local/lib/python3.9/site-packages/postgrest/_sync/request_builder.py", line 96, in execute
    raise APIError(dict(json_obj))
postgrest.exceptions.APIError: {'message': "Could not find the table 'public.apix_daily' in the schema cache", 'code': 'PGRST205', 'hint': "Perhaps you meant the table 'public.fares_daily'", 'details': None}

APIx — Airfare Price Index      base 2026-09-01 = 100
method: weighted Jevons on minimum logical fares, seat-weighted, min 3 obs/cell

  day              APIx   routes  cells     obs   by lead time
  2026-09-01     100.00        6     30    2040   T+1 100.0  T+7 100.0  T+15 100.0  T+30 100.0  T+45 100.0
  2026-09-02      82.00 *      5      5   15779   T+1 82.0
  2026-09-03      97.33        5     25   13830   T+1 93.24  T+7 96.63  T+15 100.4  T+30 99.06  T+45 97.48

  headline APIx = 97.33   (-2.67% against base)
  coverage: 232.3% of basket weight, 5 lead-time bucket(s)
  largest movers: DEL-BLR 94.8 (-5.2)   MAA-DEL 94.9 (-5.1)   DEL-CCU 95.6 (-4.4)   BOM-BLR 98.7 (-1.3)

  * provisional — coverage below publication threshold
Traceback (most recent call last):
  File "/home/ajeet/SIH/airfare-scraper/../engine/engine.py", line 232, in <module>
    raise SystemExit(main())
  File "/home/ajeet/SIH/airfare-scraper/../engine/engine.py", line 226, in main
    client.table("apix_daily").upsert(payload, on_conflict="day").execute()
  File "/home/ajeet/.local/lib/python3.9/site-packages/postgrest/_sync/request_builder.py", line 96, in execute
    raise APIError(dict(json_obj))
postgrest.exceptions.APIError: {'message': "Could not find the table 'public.apix_daily' in the schema cache", 'code': 'PGRST205', 'hint': "Perhaps you meant the table 'public.fares_daily'", 'details': None}

APIx — Airfare Price Index      base 2026-09-01 = 100
method: weighted Jevons on minimum logical fares, seat-weighted, min 3 obs/cell

  day              APIx   routes  cells     obs   by lead time
  2026-09-01     100.00        6     30    2040   T+1 100.0  T+7 100.0  T+15 100.0  T+30 100.0  T+45 100.0
  2026-09-02      82.00 *      5      5   15779   T+1 82.0
  2026-09-03      97.33        5     25   13942   T+1 93.24  T+7 96.63  T+15 100.4  T+30 99.06  T+45 97.48

  headline APIx = 97.33   (-2.67% against base)
  coverage: 232.3% of basket weight, 5 lead-time bucket(s)
  largest movers: DEL-BLR 94.8 (-5.2)   MAA-DEL 94.9 (-5.1)   DEL-CCU 95.6 (-4.4)   BOM-BLR 98.7 (-1.3)

  * provisional — coverage below publication threshold
Traceback (most recent call last):
  File "/home/ajeet/SIH/airfare-scraper/../engine/engine.py", line 232, in <module>
    raise SystemExit(main())
  File "/home/ajeet/SIH/airfare-scraper/../engine/engine.py", line 226, in main
    client.table("apix_daily").upsert(payload, on_conflict="day").execute()
  File "/home/ajeet/.local/lib/python3.9/site-packages/postgrest/_sync/request_builder.py", line 96, in execute
    raise APIError(dict(json_obj))
postgrest.exceptions.APIError: {'message': "Could not find the table 'public.apix_daily' in the schema cache", 'code': 'PGRST205', 'hint': "Perhaps you meant the table 'public.fares_daily'", 'details': None}

APIx — Airfare Price Index      base 2026-09-01 = 100
method: weighted Jevons on minimum logical fares, seat-weighted, min 3 obs/cell

  day              APIx   routes  cells     obs   by lead time
  2026-09-01     100.00        6     30    2040   T+1 100.0  T+7 100.0  T+15 100.0  T+30 100.0  T+45 100.0
  2026-09-02      82.00 *      5      5   15779   T+1 82.0
  2026-09-03      97.33        5     25   14050   T+1 93.24  T+7 96.63  T+15 100.4  T+30 99.06  T+45 97.48

  headline APIx = 97.33   (-2.67% against base)
  coverage: 232.3% of basket weight, 5 lead-time bucket(s)
  largest movers: DEL-BLR 94.8 (-5.2)   MAA-DEL 94.9 (-5.1)   DEL-CCU 95.6 (-4.4)   BOM-BLR 98.7 (-1.3)

  * provisional — coverage below publication threshold
Traceback (most recent call last):
  File "/home/ajeet/SIH/airfare-scraper/../engine/engine.py", line 232, in <module>
    raise SystemExit(main())
  File "/home/ajeet/SIH/airfare-scraper/../engine/engine.py", line 226, in main
    client.table("apix_daily").upsert(payload, on_conflict="day").execute()
  File "/home/ajeet/.local/lib/python3.9/site-packages/postgrest/_sync/request_builder.py", line 96, in execute
    raise APIError(dict(json_obj))
postgrest.exceptions.APIError: {'message': "Could not find the table 'public.apix_daily' in the schema cache", 'code': 'PGRST205', 'hint': "Perhaps you meant the table 'public.fares_daily'", 'details': None}

APIx — Airfare Price Index      base 2026-09-01 = 100
method: weighted Jevons on minimum logical fares, seat-weighted, min 3 obs/cell

  day              APIx   routes  cells     obs   by lead time
  2026-09-01     100.00        6     30    2040   T+1 100.0  T+7 100.0  T+15 100.0  T+30 100.0  T+45 100.0
  2026-09-02      82.00 *      5      5   15779   T+1 82.0
  2026-09-03      97.33        5     25   14158   T+1 93.24  T+7 96.63  T+15 100.4  T+30 99.06  T+45 97.48

  headline APIx = 97.33   (-2.67% against base)
  coverage: 232.3% of basket weight, 5 lead-time bucket(s)
  largest movers: DEL-BLR 94.8 (-5.2)   MAA-DEL 94.9 (-5.1)   DEL-CCU 95.6 (-4.4)   BOM-BLR 98.7 (-1.3)

  * provisional — coverage below publication threshold
Traceback (most recent call last):
  File "/home/ajeet/SIH/airfare-scraper/../engine/engine.py", line 232, in <module>
    raise SystemExit(main())
  File "/home/ajeet/SIH/airfare-scraper/../engine/engine.py", line 226, in main
    client.table("apix_daily").upsert(payload, on_conflict="day").execute()
  File "/home/ajeet/.local/lib/python3.9/site-packages/postgrest/_sync/request_builder.py", line 96, in execute
    raise APIError(dict(json_obj))
postgrest.exceptions.APIError: {'message': "Could not find the table 'public.apix_daily' in the schema cache", 'code': 'PGRST205', 'hint': "Perhaps you meant the table 'public.fares_daily'", 'details': None}

APIx — Airfare Price Index      base 2026-09-01 = 100
method: weighted Jevons on minimum logical fares, seat-weighted, min 3 obs/cell

  day              APIx   routes  cells     obs   by lead time
  2026-09-01     100.00        6     30    2040   T+1 100.0  T+7 100.0  T+15 100.0  T+30 100.0  T+45 100.0
  2026-09-02      82.00 *      5      5   15779   T+1 82.0
  2026-09-03      97.33        5     25   14264   T+1 93.24  T+7 96.63  T+15 100.4  T+30 99.06  T+45 97.48

  headline APIx = 97.33   (-2.67% against base)
  coverage: 232.3% of basket weight, 5 lead-time bucket(s)
  largest movers: DEL-BLR 94.8 (-5.2)   MAA-DEL 94.9 (-5.1)   DEL-CCU 95.6 (-4.4)   BOM-BLR 98.7 (-1.3)

  * provisional — coverage below publication threshold
Traceback (most recent call last):
  File "/home/ajeet/SIH/airfare-scraper/../engine/engine.py", line 232, in <module>
    raise SystemExit(main())
  File "/home/ajeet/SIH/airfare-scraper/../engine/engine.py", line 226, in main
    client.table("apix_daily").upsert(payload, on_conflict="day").execute()
  File "/home/ajeet/.local/lib/python3.9/site-packages/postgrest/_sync/request_builder.py", line 96, in execute
    raise APIError(dict(json_obj))
postgrest.exceptions.APIError: {'message': "Could not find the table 'public.apix_daily' in the schema cache", 'code': 'PGRST205', 'hint': "Perhaps you meant the table 'public.fares_daily'", 'details': None}

APIx — Airfare Price Index      base 2026-09-01 = 100
method: weighted Jevons on minimum logical fares, seat-weighted, min 3 obs/cell

  day              APIx   routes  cells     obs   by lead time
  2026-09-01     100.00        6     30    2040   T+1 100.0  T+7 100.0  T+15 100.0  T+30 100.0  T+45 100.0
  2026-09-02      82.00 *      5      5   15779   T+1 82.0
  2026-09-03      97.33        5     25   14373   T+1 93.24  T+7 96.63  T+15 100.4  T+30 99.06  T+45 97.48

  headline APIx = 97.33   (-2.67% against base)
  coverage: 232.3% of basket weight, 5 lead-time bucket(s)
  largest movers: DEL-BLR 94.8 (-5.2)   MAA-DEL 94.9 (-5.1)   DEL-CCU 95.6 (-4.4)   BOM-BLR 98.7 (-1.3)

  * provisional — coverage below publication threshold
Traceback (most recent call last):
  File "/home/ajeet/SIH/airfare-scraper/../engine/engine.py", line 232, in <module>
    raise SystemExit(main())
  File "/home/ajeet/SIH/airfare-scraper/../engine/engine.py", line 226, in main
    client.table("apix_daily").upsert(payload, on_conflict="day").execute()
  File "/home/ajeet/.local/lib/python3.9/site-packages/postgrest/_sync/request_builder.py", line 96, in execute
    raise APIError(dict(json_obj))
postgrest.exceptions.APIError: {'message': "Could not find the table 'public.apix_daily' in the schema cache", 'code': 'PGRST205', 'hint': "Perhaps you meant the table 'public.fares_daily'", 'details': None}

APIx — Airfare Price Index      base 2026-09-01 = 100
method: weighted Jevons on minimum logical fares, seat-weighted, min 3 obs/cell

  day              APIx   routes  cells     obs   by lead time
  2026-09-01     100.00        6     30    2040   T+1 100.0  T+7 100.0  T+15 100.0  T+30 100.0  T+45 100.0
  2026-09-02      82.00 *      5      5   15779   T+1 82.0
  2026-09-03      97.33        5     25   14487   T+1 93.24  T+7 96.63  T+15 100.4  T+30 99.06  T+45 97.48

  headline APIx = 97.33   (-2.67% against base)
  coverage: 232.3% of basket weight, 5 lead-time bucket(s)
  largest movers: DEL-BLR 94.8 (-5.2)   MAA-DEL 94.9 (-5.1)   DEL-CCU 95.6 (-4.4)   BOM-BLR 98.7 (-1.3)

  * provisional — coverage below publication threshold
Traceback (most recent call last):
  File "/home/ajeet/SIH/airfare-scraper/../engine/engine.py", line 232, in <module>
    raise SystemExit(main())
  File "/home/ajeet/SIH/airfare-scraper/../engine/engine.py", line 226, in main
    client.table("apix_daily").upsert(payload, on_conflict="day").execute()
  File "/home/ajeet/.local/lib/python3.9/site-packages/postgrest/_sync/request_builder.py", line 96, in execute
    raise APIError(dict(json_obj))
postgrest.exceptions.APIError: {'message': "Could not find the table 'public.apix_daily' in the schema cache", 'code': 'PGRST205', 'hint': "Perhaps you meant the table 'public.fares_daily'", 'details': None}

APIx — Airfare Price Index      base 2026-09-01 = 100
method: weighted Jevons on minimum logical fares, seat-weighted, min 3 obs/cell

  day              APIx   routes  cells     obs   by lead time
  2026-09-01     100.00        6     30    2040   T+1 100.0  T+7 100.0  T+15 100.0  T+30 100.0  T+45 100.0
  2026-09-02      82.00 *      5      5   15779   T+1 82.0
  2026-09-03      97.33        5     25   14600   T+1 93.24  T+7 96.63  T+15 100.4  T+30 99.06  T+45 97.48

  headline APIx = 97.33   (-2.67% against base)
  coverage: 232.3% of basket weight, 5 lead-time bucket(s)
  largest movers: DEL-BLR 94.8 (-5.2)   MAA-DEL 94.9 (-5.1)   DEL-CCU 95.6 (-4.4)   BOM-BLR 98.7 (-1.3)

  * provisional — coverage below publication threshold
Traceback (most recent call last):
  File "/home/ajeet/SIH/airfare-scraper/../engine/engine.py", line 232, in <module>
    raise SystemExit(main())
  File "/home/ajeet/SIH/airfare-scraper/../engine/engine.py", line 226, in main
    client.table("apix_daily").upsert(payload, on_conflict="day").execute()
  File "/home/ajeet/.local/lib/python3.9/site-packages/postgrest/_sync/request_builder.py", line 96, in execute
    raise APIError(dict(json_obj))
postgrest.exceptions.APIError: {'message': "Could not find the table 'public.apix_daily' in the schema cache", 'code': 'PGRST205', 'hint': "Perhaps you meant the table 'public.fares_daily'", 'details': None}

APIx — Airfare Price Index      base 2026-09-01 = 100
method: weighted Jevons on minimum logical fares, seat-weighted, min 3 obs/cell

  day              APIx   routes  cells     obs   by lead time
  2026-09-01     100.00        6     30    2040   T+1 100.0  T+7 100.0  T+15 100.0  T+30 100.0  T+45 100.0
  2026-09-02      82.00 *      5      5   15779   T+1 82.0
  2026-09-03      97.33        5     25   14715   T+1 93.24  T+7 96.63  T+15 100.4  T+30 99.06  T+45 97.48

  headline APIx = 97.33   (-2.67% against base)
  coverage: 232.3% of basket weight, 5 lead-time bucket(s)
  largest movers: DEL-BLR 94.8 (-5.2)   MAA-DEL 94.9 (-5.1)   DEL-CCU 95.6 (-4.4)   BOM-BLR 98.7 (-1.3)

  * provisional — coverage below publication threshold
Traceback (most recent call last):
  File "/home/ajeet/SIH/airfare-scraper/../engine/engine.py", line 232, in <module>
    raise SystemExit(main())
  File "/home/ajeet/SIH/airfare-scraper/../engine/engine.py", line 226, in main
    client.table("apix_daily").upsert(payload, on_conflict="day").execute()
  File "/home/ajeet/.local/lib/python3.9/site-packages/postgrest/_sync/request_builder.py", line 96, in execute
    raise APIError(dict(json_obj))
postgrest.exceptions.APIError: {'message': "Could not find the table 'public.apix_daily' in the schema cache", 'code': 'PGRST205', 'hint': "Perhaps you meant the table 'public.fares_daily'", 'details': None}

APIx — Airfare Price Index      base 2026-09-01 = 100
method: weighted Jevons on minimum logical fares, seat-weighted, min 3 obs/cell

  day              APIx   routes  cells     obs   by lead time
  2026-09-01     100.00        6     30    2040   T+1 100.0  T+7 100.0  T+15 100.0  T+30 100.0  T+45 100.0
  2026-09-02      82.00 *      5      5   15779   T+1 82.0
  2026-09-03      97.33        5     25   14828   T+1 93.24  T+7 96.63  T+15 100.4  T+30 99.06  T+45 97.48

  headline APIx = 97.33   (-2.67% against base)
  coverage: 232.3% of basket weight, 5 lead-time bucket(s)
  largest movers: DEL-BLR 94.8 (-5.2)   MAA-DEL 94.9 (-5.1)   DEL-CCU 95.6 (-4.4)   BOM-BLR 98.7 (-1.3)

  * provisional — coverage below publication threshold
Traceback (most recent call last):
  File "/home/ajeet/SIH/airfare-scraper/../engine/engine.py", line 232, in <module>
    raise SystemExit(main())
  File "/home/ajeet/SIH/airfare-scraper/../engine/engine.py", line 226, in main
    client.table("apix_daily").upsert(payload, on_conflict="day").execute()
  File "/home/ajeet/.local/lib/python3.9/site-packages/postgrest/_sync/request_builder.py", line 96, in execute
    raise APIError(dict(json_obj))
postgrest.exceptions.APIError: {'message': "Could not find the table 'public.apix_daily' in the schema cache", 'code': 'PGRST205', 'hint': "Perhaps you meant the table 'public.fares_daily'", 'details': None}

APIx — Airfare Price Index      base 2026-09-01 = 100
method: weighted Jevons on minimum logical fares, seat-weighted, min 3 obs/cell

  day              APIx   routes  cells     obs   by lead time
  2026-09-01     100.00        6     30    2040   T+1 100.0  T+7 100.0  T+15 100.0  T+30 100.0  T+45 100.0
  2026-09-02      82.00 *      5      5   15779   T+1 82.0
  2026-09-03      97.33        5     25   14940   T+1 93.24  T+7 96.63  T+15 100.4  T+30 99.06  T+45 97.48

  headline APIx = 97.33   (-2.67% against base)
  coverage: 232.3% of basket weight, 5 lead-time bucket(s)
  largest movers: DEL-BLR 94.8 (-5.2)   MAA-DEL 94.9 (-5.1)   DEL-CCU 95.6 (-4.4)   BOM-BLR 98.7 (-1.3)

  * provisional — coverage below publication threshold
Traceback (most recent call last):
  File "/home/ajeet/SIH/airfare-scraper/../engine/engine.py", line 232, in <module>
    raise SystemExit(main())
  File "/home/ajeet/SIH/airfare-scraper/../engine/engine.py", line 226, in main
    client.table("apix_daily").upsert(payload, on_conflict="day").execute()
  File "/home/ajeet/.local/lib/python3.9/site-packages/postgrest/_sync/request_builder.py", line 96, in execute
    raise APIError(dict(json_obj))
postgrest.exceptions.APIError: {'message': "Could not find the table 'public.apix_daily' in the schema cache", 'code': 'PGRST205', 'hint': "Perhaps you meant the table 'public.fares_daily'", 'details': None}

APIx — Airfare Price Index      base 2026-09-01 = 100
method: weighted Jevons on minimum logical fares, seat-weighted, min 3 obs/cell

  day              APIx   routes  cells     obs   by lead time
  2026-09-01     100.00        6     30    2040   T+1 100.0  T+7 100.0  T+15 100.0  T+30 100.0  T+45 100.0
  2026-09-02      82.00 *      5      5   15779   T+1 82.0
  2026-09-03      97.33        5     25   15056   T+1 93.24  T+7 96.63  T+15 100.4  T+30 99.06  T+45 97.48

  headline APIx = 97.33   (-2.67% against base)
  coverage: 232.3% of basket weight, 5 lead-time bucket(s)
  largest movers: DEL-BLR 94.8 (-5.2)   MAA-DEL 94.9 (-5.1)   DEL-CCU 95.6 (-4.4)   BOM-BLR 98.7 (-1.3)

  * provisional — coverage below publication threshold
Traceback (most recent call last):
  File "/home/ajeet/SIH/airfare-scraper/../engine/engine.py", line 232, in <module>
    raise SystemExit(main())
  File "/home/ajeet/SIH/airfare-scraper/../engine/engine.py", line 226, in main
    client.table("apix_daily").upsert(payload, on_conflict="day").execute()
  File "/home/ajeet/.local/lib/python3.9/site-packages/postgrest/_sync/request_builder.py", line 96, in execute
    raise APIError(dict(json_obj))
postgrest.exceptions.APIError: {'message': "Could not find the table 'public.apix_daily' in the schema cache", 'code': 'PGRST205', 'hint': "Perhaps you meant the table 'public.fares_daily'", 'details': None}

APIx — Airfare Price Index      base 2026-09-01 = 100
method: weighted Jevons on minimum logical fares, seat-weighted, min 3 obs/cell

  day              APIx   routes  cells     obs   by lead time
  2026-09-01     100.00        6     30    2040   T+1 100.0  T+7 100.0  T+15 100.0  T+30 100.0  T+45 100.0
  2026-09-02      82.00 *      5      5   15779   T+1 82.0
  2026-09-03      97.33        5     25   15169   T+1 93.24  T+7 96.63  T+15 100.4  T+30 99.06  T+45 97.48

  headline APIx = 97.33   (-2.67% against base)
  coverage: 232.3% of basket weight, 5 lead-time bucket(s)
  largest movers: DEL-BLR 94.8 (-5.2)   MAA-DEL 94.9 (-5.1)   DEL-CCU 95.6 (-4.4)   BOM-BLR 98.7 (-1.3)

  * provisional — coverage below publication threshold
Traceback (most recent call last):
  File "/home/ajeet/SIH/airfare-scraper/../engine/engine.py", line 232, in <module>
    raise SystemExit(main())
  File "/home/ajeet/SIH/airfare-scraper/../engine/engine.py", line 226, in main
    client.table("apix_daily").upsert(payload, on_conflict="day").execute()
  File "/home/ajeet/.local/lib/python3.9/site-packages/postgrest/_sync/request_builder.py", line 96, in execute
    raise APIError(dict(json_obj))
postgrest.exceptions.APIError: {'message': "Could not find the table 'public.apix_daily' in the schema cache", 'code': 'PGRST205', 'hint': "Perhaps you meant the table 'public.fares_daily'", 'details': None}

APIx — Airfare Price Index      base 2026-09-01 = 100
method: weighted Jevons on minimum logical fares, seat-weighted, min 3 obs/cell

  day              APIx   routes  cells     obs   by lead time
  2026-09-01     100.00        6     30    2040   T+1 100.0  T+7 100.0  T+15 100.0  T+30 100.0  T+45 100.0
  2026-09-02      82.00 *      5      5   15779   T+1 82.0
  2026-09-03      97.33        5     25   15276   T+1 93.24  T+7 96.63  T+15 100.4  T+30 99.06  T+45 97.48

  headline APIx = 97.33   (-2.67% against base)
  coverage: 232.3% of basket weight, 5 lead-time bucket(s)
  largest movers: DEL-BLR 94.8 (-5.2)   MAA-DEL 94.9 (-5.1)   DEL-CCU 95.6 (-4.4)   BOM-BLR 98.7 (-1.3)

  * provisional — coverage below publication threshold
Traceback (most recent call last):
  File "/home/ajeet/SIH/airfare-scraper/../engine/engine.py", line 232, in <module>
    raise SystemExit(main())
  File "/home/ajeet/SIH/airfare-scraper/../engine/engine.py", line 226, in main
    client.table("apix_daily").upsert(payload, on_conflict="day").execute()
  File "/home/ajeet/.local/lib/python3.9/site-packages/postgrest/_sync/request_builder.py", line 96, in execute
    raise APIError(dict(json_obj))
postgrest.exceptions.APIError: {'message': "Could not find the table 'public.apix_daily' in the schema cache", 'code': 'PGRST205', 'hint': "Perhaps you meant the table 'public.fares_daily'", 'details': None}

APIx — Airfare Price Index      base 2026-09-01 = 100
method: weighted Jevons on minimum logical fares, seat-weighted, min 3 obs/cell

  day              APIx   routes  cells     obs   by lead time
  2026-09-01     100.00        6     30    2040   T+1 100.0  T+7 100.0  T+15 100.0  T+30 100.0  T+45 100.0
  2026-09-02      82.00 *      5      5   15779   T+1 82.0
  2026-09-03      97.33        5     25   15383   T+1 93.24  T+7 96.63  T+15 100.4  T+30 99.06  T+45 97.48

  headline APIx = 97.33   (-2.67% against base)
  coverage: 232.3% of basket weight, 5 lead-time bucket(s)
  largest movers: DEL-BLR 94.8 (-5.2)   MAA-DEL 94.9 (-5.1)   DEL-CCU 95.6 (-4.4)   BOM-BLR 98.7 (-1.3)

  * provisional — coverage below publication threshold
Traceback (most recent call last):
  File "/home/ajeet/SIH/airfare-scraper/../engine/engine.py", line 232, in <module>
    raise SystemExit(main())
  File "/home/ajeet/SIH/airfare-scraper/../engine/engine.py", line 226, in main
    client.table("apix_daily").upsert(payload, on_conflict="day").execute()
  File "/home/ajeet/.local/lib/python3.9/site-packages/postgrest/_sync/request_builder.py", line 96, in execute
    raise APIError(dict(json_obj))
postgrest.exceptions.APIError: {'message': "Could not find the table 'public.apix_daily' in the schema cache", 'code': 'PGRST205', 'hint': "Perhaps you meant the table 'public.fares_daily'", 'details': None}

APIx — Airfare Price Index      base 2026-09-01 = 100
method: weighted Jevons on minimum logical fares, seat-weighted, min 3 obs/cell

  day              APIx   routes  cells     obs   by lead time
  2026-09-01     100.00        6     30    2040   T+1 100.0  T+7 100.0  T+15 100.0  T+30 100.0  T+45 100.0
  2026-09-02      82.00 *      5      5   15779   T+1 82.0
  2026-09-03      97.33        5     25   15489   T+1 93.24  T+7 96.63  T+15 100.4  T+30 99.06  T+45 97.48

  headline APIx = 97.33   (-2.67% against base)
  coverage: 232.3% of basket weight, 5 lead-time bucket(s)
  largest movers: DEL-BLR 94.8 (-5.2)   MAA-DEL 94.9 (-5.1)   DEL-CCU 95.6 (-4.4)   BOM-BLR 98.7 (-1.3)

  * provisional — coverage below publication threshold
Traceback (most recent call last):
  File "/home/ajeet/SIH/airfare-scraper/../engine/engine.py", line 232, in <module>
    raise SystemExit(main())
  File "/home/ajeet/SIH/airfare-scraper/../engine/engine.py", line 226, in main
    client.table("apix_daily").upsert(payload, on_conflict="day").execute()
  File "/home/ajeet/.local/lib/python3.9/site-packages/postgrest/_sync/request_builder.py", line 96, in execute
    raise APIError(dict(json_obj))
postgrest.exceptions.APIError: {'message': "Could not find the table 'public.apix_daily' in the schema cache", 'code': 'PGRST205', 'hint': "Perhaps you meant the table 'public.fares_daily'", 'details': None}

APIx — Airfare Price Index      base 2026-09-01 = 100
method: weighted Jevons on minimum logical fares, seat-weighted, min 3 obs/cell

  day              APIx   routes  cells     obs   by lead time
  2026-09-01     100.00        6     30    2040   T+1 100.0  T+7 100.0  T+15 100.0  T+30 100.0  T+45 100.0
  2026-09-02      82.00 *      5      5   15779   T+1 82.0
  2026-09-03      97.33        5     25   15597   T+1 93.24  T+7 96.63  T+15 100.4  T+30 99.06  T+45 97.48

  headline APIx = 97.33   (-2.67% against base)
  coverage: 232.3% of basket weight, 5 lead-time bucket(s)
  largest movers: DEL-BLR 94.8 (-5.2)   MAA-DEL 94.9 (-5.1)   DEL-CCU 95.6 (-4.4)   BOM-BLR 98.7 (-1.3)

  * provisional — coverage below publication threshold
Traceback (most recent call last):
  File "/home/ajeet/SIH/airfare-scraper/../engine/engine.py", line 232, in <module>
    raise SystemExit(main())
  File "/home/ajeet/SIH/airfare-scraper/../engine/engine.py", line 226, in main
    client.table("apix_daily").upsert(payload, on_conflict="day").execute()
  File "/home/ajeet/.local/lib/python3.9/site-packages/postgrest/_sync/request_builder.py", line 96, in execute
    raise APIError(dict(json_obj))
postgrest.exceptions.APIError: {'message': "Could not find the table 'public.apix_daily' in the schema cache", 'code': 'PGRST205', 'hint': "Perhaps you meant the table 'public.fares_daily'", 'details': None}

APIx — Airfare Price Index      base 2026-09-01 = 100
method: weighted Jevons on minimum logical fares, seat-weighted, min 3 obs/cell

  day              APIx   routes  cells     obs   by lead time
  2026-09-01     100.00        6     30    2040   T+1 100.0  T+7 100.0  T+15 100.0  T+30 100.0  T+45 100.0
  2026-09-02      83.53 *      6      6   15816   T+1 83.53
  2026-09-03      98.59        6     30   15718   T+1 97.3  T+7 98.63  T+15 101.32  T+30 99.06  T+45 96.69
  2026-09-04     111.35 *      3      3     109   T+1 111.35

  PROVISIONAL APIx = 111.35   (+11.35% against base)
  coverage: 34.8% of basket weight, 1 lead-time bucket(s)
  not published as headline: 35% of basket weight (needs 60%); 1 lead-time bucket(s) (needs 3)
  largest movers: BOM-BLR 132.0 (+32.0)   DEL-BOM 107.5 (+7.5)   DEL-BLR 101.6 (+1.6)

  * provisional — coverage below publication threshold
Traceback (most recent call last):
  File "/home/ajeet/SIH/airfare-scraper/../engine/engine.py", line 243, in <module>
    raise SystemExit(main())
  File "/home/ajeet/SIH/airfare-scraper/../engine/engine.py", line 237, in main
    client.table("apix_daily").upsert(payload, on_conflict="day").execute()
  File "/home/ajeet/.local/lib/python3.9/site-packages/postgrest/_sync/request_builder.py", line 96, in execute
    raise APIError(dict(json_obj))
postgrest.exceptions.APIError: {'message': "Could not find the table 'public.apix_daily' in the schema cache", 'code': 'PGRST205', 'hint': "Perhaps you meant the table 'public.fares_daily'", 'details': None}

APIx — Airfare Price Index      base 2026-09-01 = 100
method: weighted Jevons on minimum logical fares, seat-weighted, min 3 obs/cell

  day              APIx   routes  cells     obs   by lead time
  2026-09-01     100.00 *      6     30    2040   T+1 100.0  T+7 100.0  T+15 100.0  T+30 100.0  T+45 100.0
  2026-09-02      83.53 *      6      6   15816   T+1 83.53
  2026-09-03      98.59 *      6     30   15718   T+1 97.3  T+7 98.63  T+15 101.32  T+30 99.06  T+45 96.69
  2026-09-04     105.80 *      3      3     222   T+1 105.8

  PROVISIONAL APIx = 105.80   (+5.80% against base)
  coverage: 34.8% of basket weight, 1 lead-time bucket(s)
  not published as headline: 35% of basket weight (needs 60%); 1 lead-time bucket(s) (needs 3)
  largest movers: BOM-BLR 108.2 (+8.2)   DEL-BOM 107.5 (+7.5)   DEL-BLR 101.6 (+1.6)

  * provisional — coverage below publication threshold

  wrote 4 day(s) to apix_daily

APIx — Airfare Price Index      base 2026-09-01 = 100
method: weighted Jevons on minimum logical fares, seat-weighted, min 3 obs/cell

  day              APIx   routes  cells     obs   by lead time
  2026-09-01     100.00 *      6     30    2040   T+1 100.0  T+7 100.0  T+15 100.0  T+30 100.0  T+45 100.0
  2026-09-02      83.53 *      6      6   15816   T+1 83.53
  2026-09-03      98.59 *      6     30   15718   T+1 97.3  T+7 98.63  T+15 101.32  T+30 99.06  T+45 96.69
  2026-09-04     105.80 *      3      3     337   T+1 105.8

  PROVISIONAL APIx = 105.80   (+5.80% against base)
  coverage: 34.8% of basket weight, 1 lead-time bucket(s)
  not published as headline: 35% of basket weight (needs 60%); 1 lead-time bucket(s) (needs 3)
  largest movers: BOM-BLR 108.2 (+8.2)   DEL-BOM 107.5 (+7.5)   DEL-BLR 101.6 (+1.6)

  * provisional — coverage below publication threshold

  wrote 4 day(s) to apix_daily

APIx — Airfare Price Index      base 2026-09-01 = 100
method: weighted Jevons on minimum logical fares, seat-weighted, min 3 obs/cell

  day              APIx   routes  cells     obs   by lead time
  2026-09-01     100.00 *      6     30    2040   T+1 100.0  T+7 100.0  T+15 100.0  T+30 100.0  T+45 100.0
  2026-09-02      83.53 *      6      6   15816   T+1 83.53
  2026-09-03      98.59 *      6     30   15718   T+1 97.3  T+7 98.63  T+15 101.32  T+30 99.06  T+45 96.69
  2026-09-04     105.80 *      3      3     451   T+1 105.8

  PROVISIONAL APIx = 105.80   (+5.80% against base)
  coverage: 34.8% of basket weight, 1 lead-time bucket(s)
  not published as headline: 35% of basket weight (needs 60%); 1 lead-time bucket(s) (needs 3)
  largest movers: BOM-BLR 108.2 (+8.2)   DEL-BOM 107.5 (+7.5)   DEL-BLR 101.6 (+1.6)

  * provisional — coverage below publication threshold

  wrote 4 day(s) to apix_daily

APIx — Airfare Price Index      base 2026-09-01 = 100
method: weighted Jevons on minimum logical fares, seat-weighted, min 3 obs/cell

  day              APIx   routes  cells     obs   by lead time
  2026-09-01     100.00 *      6     30    2040   T+1 100.0  T+7 100.0  T+15 100.0  T+30 100.0  T+45 100.0
  2026-09-02      83.53 *      6      6   15816   T+1 83.53
  2026-09-03      98.59 *      6     30   15718   T+1 97.3  T+7 98.63  T+15 101.32  T+30 99.06  T+45 96.69
  2026-09-04     105.80 *      3      3     560   T+1 105.8

  PROVISIONAL APIx = 105.80   (+5.80% against base)
  coverage: 34.8% of basket weight, 1 lead-time bucket(s)
  not published as headline: 35% of basket weight (needs 60%); 1 lead-time bucket(s) (needs 3)
  largest movers: BOM-BLR 108.2 (+8.2)   DEL-BOM 107.5 (+7.5)   DEL-BLR 101.6 (+1.6)

  * provisional — coverage below publication threshold

  wrote 4 day(s) to apix_daily

APIx — Airfare Price Index      base 2026-09-01 = 100
method: weighted Jevons on minimum logical fares, seat-weighted, min 3 obs/cell

  day              APIx   routes  cells     obs   by lead time
  2026-09-01     100.00 *      6     30    2040   T+1 100.0  T+7 100.0  T+15 100.0  T+30 100.0  T+45 100.0
  2026-09-02      83.53 *      6      6   15816   T+1 83.53
  2026-09-03      98.59 *      6     30   15718   T+1 97.3  T+7 98.63  T+15 101.32  T+30 99.06  T+45 96.69
  2026-09-04     105.80 *      3      3     666   T+1 105.8

  PROVISIONAL APIx = 105.80   (+5.80% against base)
  coverage: 34.8% of basket weight, 1 lead-time bucket(s)
  not published as headline: 35% of basket weight (needs 60%); 1 lead-time bucket(s) (needs 3)
  largest movers: BOM-BLR 108.2 (+8.2)   DEL-BOM 107.5 (+7.5)   DEL-BLR 101.6 (+1.6)

  * provisional — coverage below publication threshold

  wrote 4 day(s) to apix_daily

APIx — Airfare Price Index      base 2026-09-01 = 100
method: weighted Jevons on minimum logical fares, seat-weighted, min 3 obs/cell

  day              APIx   routes  cells     obs   by lead time
  2026-09-01     100.00 *      6     30    2040   T+1 100.0  T+7 100.0  T+15 100.0  T+30 100.0  T+45 100.0
  2026-09-02      83.53 *      6      6   15816   T+1 83.53
  2026-09-03      98.59 *      6     30   15718   T+1 97.3  T+7 98.63  T+15 101.32  T+30 99.06  T+45 96.69
  2026-09-04     105.80 *      3      3     779   T+1 105.8

  PROVISIONAL APIx = 105.80   (+5.80% against base)
  coverage: 34.8% of basket weight, 1 lead-time bucket(s)
  not published as headline: 35% of basket weight (needs 60%); 1 lead-time bucket(s) (needs 3)
  largest movers: BOM-BLR 108.2 (+8.2)   DEL-BOM 107.5 (+7.5)   DEL-BLR 101.6 (+1.6)

  * provisional — coverage below publication threshold

  wrote 4 day(s) to apix_daily

APIx — Airfare Price Index      base 2026-09-01 = 100
method: weighted Jevons on minimum logical fares, seat-weighted, min 3 obs/cell

  day              APIx   routes  cells     obs   by lead time
  2026-09-01     100.00 *      6     30    2040   T+1 100.0  T+7 100.0  T+15 100.0  T+30 100.0  T+45 100.0
  2026-09-02      83.53 *      6      6   15816   T+1 83.53
  2026-09-03      98.59 *      6     30   15718   T+1 97.3  T+7 98.63  T+15 101.32  T+30 99.06  T+45 96.69
  2026-09-04     105.80 *      3      3     889   T+1 105.8

  PROVISIONAL APIx = 105.80   (+5.80% against base)
  coverage: 34.8% of basket weight, 1 lead-time bucket(s)
  not published as headline: 35% of basket weight (needs 60%); 1 lead-time bucket(s) (needs 3)
  largest movers: BOM-BLR 108.2 (+8.2)   DEL-BOM 107.5 (+7.5)   DEL-BLR 101.6 (+1.6)

  * provisional — coverage below publication threshold

  cleaning report:
    nothing excluded — every cell met the observation, basket and plausibility rules

  wrote 4 day(s) to apix_daily

APIx — Airfare Price Index      base 2026-09-01 = 100
method: weighted Jevons on minimum logical fares, seat-weighted, min 3 obs/cell

  day              APIx   routes  cells     obs   by lead time
  2026-09-01     100.00 *      6     30    2040   T+1 100.0  T+7 100.0  T+15 100.0  T+30 100.0  T+45 100.0
  2026-09-02      83.53 *      6      6   15816   T+1 83.53
  2026-09-03      98.59 *      6     30   15718   T+1 97.3  T+7 98.63  T+15 101.32  T+30 99.06  T+45 96.69
  2026-09-04     105.80 *      3      3     994   T+1 105.8

  PROVISIONAL APIx = 105.80   (+5.80% against base)
  coverage: 34.8% of basket weight, 1 lead-time bucket(s)
  not published as headline: 35% of basket weight (needs 60%); 1 lead-time bucket(s) (needs 3)
  largest movers: BOM-BLR 108.2 (+8.2)   DEL-BOM 107.5 (+7.5)   DEL-BLR 101.6 (+1.6)

  * provisional — coverage below publication threshold

  cleaning report:
    nothing excluded — every cell met the observation, basket and plausibility rules

  wrote 4 day(s) to apix_daily

APIx — Airfare Price Index      base 2026-09-01 = 100
method: weighted Jevons on minimum logical fares, seat-weighted, min 3 obs/cell

  day              APIx   routes  cells     obs   by lead time
  2026-09-01     100.00 *      6     30    2040   T+1 100.0  T+7 100.0  T+15 100.0  T+30 100.0  T+45 100.0
  2026-09-02      83.53 *      6      6   15816   T+1 83.53
  2026-09-03      98.59 *      6     30   15718   T+1 97.3  T+7 98.63  T+15 101.32  T+30 99.06  T+45 96.69
  2026-09-04     105.80 *      3      3    1099   T+1 105.8

  PROVISIONAL APIx = 105.80   (+5.80% against base)
  coverage: 34.8% of basket weight, 1 lead-time bucket(s)
  not published as headline: 35% of basket weight (needs 60%); 1 lead-time bucket(s) (needs 3)
  largest movers: BOM-BLR 108.2 (+8.2)   DEL-BOM 107.5 (+7.5)   DEL-BLR 101.6 (+1.6)

  * provisional — coverage below publication threshold

  cleaning report:
    nothing excluded — every cell met the observation, basket and plausibility rules

  wrote 4 day(s) to apix_daily

APIx — Airfare Price Index      base 2026-09-01 = 100
method: weighted Jevons on minimum logical fares, seat-weighted, min 3 obs/cell

  day              APIx   routes  cells     obs   by lead time
  2026-09-01     100.00 *      6     30    2040   T+1 100.0  T+7 100.0  T+15 100.0  T+30 100.0  T+45 100.0
  2026-09-02      83.53 *      6      6   15816   T+1 83.53
  2026-09-03      98.59 *      6     30   15718   T+1 97.3  T+7 98.63  T+15 101.32  T+30 99.06  T+45 96.69
  2026-09-04     105.80 *      3      3    1209   T+1 105.8

  PROVISIONAL APIx = 105.80   (+5.80% against base)
  coverage: 34.8% of basket weight, 1 lead-time bucket(s)
  not published as headline: 35% of basket weight (needs 60%); 1 lead-time bucket(s) (needs 3)
  largest movers: BOM-BLR 108.2 (+8.2)   DEL-BOM 107.5 (+7.5)   DEL-BLR 101.6 (+1.6)

  * provisional — coverage below publication threshold

  cleaning report:
    nothing excluded — every cell met the observation, basket and plausibility rules

  wrote 4 day(s) to apix_daily

APIx — Airfare Price Index      base 2026-09-01 = 100
method: weighted Jevons on minimum logical fares, seat-weighted, min 3 obs/cell

  day              APIx   routes  cells     obs   by lead time
  2026-09-01     100.00 *      6     30    2040   T+1 100.0  T+7 100.0  T+15 100.0  T+30 100.0  T+45 100.0
  2026-09-02      83.53 *      6      6   15816   T+1 83.53
  2026-09-03      98.59 *      6     30   15718   T+1 97.3  T+7 98.63  T+15 101.32  T+30 99.06  T+45 96.69
  2026-09-04     105.80 *      3      3    1318   T+1 105.8

  PROVISIONAL APIx = 105.80   (+5.80% against base)
  coverage: 34.8% of basket weight, 1 lead-time bucket(s)
  not published as headline: 35% of basket weight (needs 60%); 1 lead-time bucket(s) (needs 3)
  largest movers: BOM-BLR 108.2 (+8.2)   DEL-BOM 107.5 (+7.5)   DEL-BLR 101.6 (+1.6)

  * provisional — coverage below publication threshold

  cleaning report:
    nothing excluded — every cell met the observation, basket and plausibility rules

  wrote 4 day(s) to apix_daily

APIx — Airfare Price Index      base 2026-09-01 = 100
method: weighted Jevons on minimum logical fares, seat-weighted, min 3 obs/cell

  day              APIx   routes  cells     obs   by lead time
  2026-09-01     100.00 *      6     30    2040   T+1 100.0  T+7 100.0  T+15 100.0  T+30 100.0  T+45 100.0
  2026-09-02      83.53 *      6      6   15816   T+1 83.53
  2026-09-03      98.59 *      6     30   15718   T+1 97.3  T+7 98.63  T+15 101.32  T+30 99.06  T+45 96.69
  2026-09-04     105.80 *      3      3    1431   T+1 105.8

  PROVISIONAL APIx = 105.80   (+5.80% against base)
  coverage: 34.8% of basket weight, 1 lead-time bucket(s)
  not published as headline: 35% of basket weight (needs 60%); 1 lead-time bucket(s) (needs 3)
  largest movers: BOM-BLR 108.2 (+8.2)   DEL-BOM 107.5 (+7.5)   DEL-BLR 101.6 (+1.6)

  * provisional — coverage below publication threshold

  cleaning report:
    nothing excluded — every cell met the observation, basket and plausibility rules

  wrote 4 day(s) to apix_daily

APIx — Airfare Price Index      base 2026-09-01 = 100
method: weighted Jevons on minimum logical fares, seat-weighted, min 3 obs/cell

  day              APIx   routes  cells     obs   by lead time
  2026-09-01     100.00 *      6     30    2040   T+1 100.0  T+7 100.0  T+15 100.0  T+30 100.0  T+45 100.0
  2026-09-02      83.53 *      6      6   15816   T+1 83.53
  2026-09-03      98.59 *      6     30   15718   T+1 97.3  T+7 98.63  T+15 101.32  T+30 99.06  T+45 96.69
  2026-09-04     105.80 *      3      3    1541   T+1 105.8

  PROVISIONAL APIx = 105.80   (+5.80% against base)
  coverage: 34.8% of basket weight, 1 lead-time bucket(s)
  not published as headline: 35% of basket weight (needs 60%); 1 lead-time bucket(s) (needs 3)
  largest movers: BOM-BLR 108.2 (+8.2)   DEL-BOM 107.5 (+7.5)   DEL-BLR 101.6 (+1.6)

  * provisional — coverage below publication threshold

  cleaning report:
    nothing excluded — every cell met the observation, basket and plausibility rules

  wrote 4 day(s) to apix_daily

APIx — Airfare Price Index      base 2026-09-01 = 100
method: weighted Jevons on minimum logical fares, seat-weighted, min 3 obs/cell

  day              APIx   routes  cells     obs   by lead time
  2026-09-01     100.00 *      6     30    2040   T+1 100.0  T+7 100.0  T+15 100.0  T+30 100.0  T+45 100.0
  2026-09-02      83.53 *      6      6   15816   T+1 83.53
  2026-09-03      98.59 *      6     30   15718   T+1 97.3  T+7 98.63  T+15 101.32  T+30 99.06  T+45 96.69
  2026-09-04     105.80 *      3      3    1651   T+1 105.8

  PROVISIONAL APIx = 105.80   (+5.80% against base)
  coverage: 34.8% of basket weight, 1 lead-time bucket(s)
  not published as headline: 35% of basket weight (needs 60%); 1 lead-time bucket(s) (needs 3)
  largest movers: BOM-BLR 108.2 (+8.2)   DEL-BOM 107.5 (+7.5)   DEL-BLR 101.6 (+1.6)

  * provisional — coverage below publication threshold

  cleaning report:
    nothing excluded — every cell met the observation, basket and plausibility rules

  wrote 4 day(s) to apix_daily

APIx — Airfare Price Index      base 2026-09-01 = 100
method: weighted Jevons on minimum logical fares, seat-weighted, min 3 obs/cell

  day              APIx   routes  cells     obs   by lead time
  2026-09-01     100.00 *      6     30    2040   T+1 100.0  T+7 100.0  T+15 100.0  T+30 100.0  T+45 100.0
  2026-09-02      83.53 *      6      6   15816   T+1 83.53
  2026-09-03      98.59 *      6     30   15718   T+1 97.3  T+7 98.63  T+15 101.32  T+30 99.06  T+45 96.69
  2026-09-04     105.80 *      3      3    1759   T+1 105.8

  PROVISIONAL APIx = 105.80   (+5.80% against base)
  coverage: 34.8% of basket weight, 1 lead-time bucket(s)
  not published as headline: 35% of basket weight (needs 60%); 1 lead-time bucket(s) (needs 3)
  largest movers: BOM-BLR 108.2 (+8.2)   DEL-BOM 107.5 (+7.5)   DEL-BLR 101.6 (+1.6)

  * provisional — coverage below publication threshold

  cleaning report:
    nothing excluded — every cell met the observation, basket and plausibility rules

  wrote 4 day(s) to apix_daily

APIx — Airfare Price Index      base 2026-09-01 = 100
method: weighted Jevons on minimum logical fares, seat-weighted, min 3 obs/cell

  day              APIx   routes  cells     obs   by lead time
  2026-09-01     100.00 *      6     30    2040   T+1 100.0  T+7 100.0  T+15 100.0  T+30 100.0  T+45 100.0
  2026-09-02      83.53 *      6      6   15816   T+1 83.53
  2026-09-03      98.59 *      6     30   15718   T+1 97.3  T+7 98.63  T+15 101.32  T+30 99.06  T+45 96.69
  2026-09-04     105.80 *      3      3    1809   T+1 105.8

  PROVISIONAL APIx = 105.80   (+5.80% against base)
  coverage: 34.8% of basket weight, 1 lead-time bucket(s)
  not published as headline: 35% of basket weight (needs 60%); 1 lead-time bucket(s) (needs 3)
  largest movers: BOM-BLR 108.2 (+8.2)   DEL-BOM 107.5 (+7.5)   DEL-BLR 101.6 (+1.6)

  * provisional — coverage below publication threshold

  cleaning report:
    nothing excluded — every cell met the observation, basket and plausibility rules

  wrote 4 day(s) to apix_daily

APIx — Airfare Price Index      base 2026-09-01 = 100
method: weighted Jevons on minimum logical fares, seat-weighted, min 3 obs/cell

  day              APIx   routes  cells     obs   by lead time
  2026-09-01     100.00 *      6     30    2040   T+1 100.0  T+7 100.0  T+15 100.0  T+30 100.0  T+45 100.0
  2026-09-02      83.53 *      6      6   15816   T+1 83.53
  2026-09-03      98.59 *      6     30   15718   T+1 97.3  T+7 98.63  T+15 101.32  T+30 99.06  T+45 96.69
  2026-09-04     105.80 *      3      3    1909   T+1 105.8

  PROVISIONAL APIx = 105.80   (+5.80% against base)
  coverage: 34.8% of basket weight, 1 lead-time bucket(s)
  not published as headline: 35% of basket weight (needs 60%); 1 lead-time bucket(s) (needs 3)
  largest movers: BOM-BLR 108.2 (+8.2)   DEL-BOM 107.5 (+7.5)   DEL-BLR 101.6 (+1.6)

  * provisional — coverage below publication threshold

  cleaning report:
    nothing excluded — every cell met the observation, basket and plausibility rules

  wrote 4 day(s) to apix_daily

APIx — Airfare Price Index      base 2026-09-01 = 100
method: weighted Jevons on minimum logical fares, seat-weighted, min 3 obs/cell

  day              APIx   routes  cells     obs   by lead time
  2026-09-01     100.00 *      6     30    2040   T+1 100.0  T+7 100.0  T+15 100.0  T+30 100.0  T+45 100.0
  2026-09-02      83.53 *      6      6   15816   T+1 83.53
  2026-09-03      98.59 *      6     30   15718   T+1 97.3  T+7 98.63  T+15 101.32  T+30 99.06  T+45 96.69
  2026-09-04     105.80 *      3      3    1965   T+1 105.8

  PROVISIONAL APIx = 105.80   (+5.80% against base)
  coverage: 34.8% of basket weight, 1 lead-time bucket(s)
  not published as headline: 35% of basket weight (needs 60%); 1 lead-time bucket(s) (needs 3)
  largest movers: BOM-BLR 108.2 (+8.2)   DEL-BOM 107.5 (+7.5)   DEL-BLR 101.6 (+1.6)

  * provisional — coverage below publication threshold

  cleaning report:
    nothing excluded — every cell met the observation, basket and plausibility rules

  wrote 4 day(s) to apix_daily

APIx — Airfare Price Index      base 2026-09-01 = 100
method: weighted Jevons on minimum logical fares, seat-weighted, min 3 obs/cell

  day              APIx   routes  cells     obs   by lead time
  2026-09-01     100.00 *      6     30    2040   T+1 100.0  T+7 100.0  T+15 100.0  T+30 100.0  T+45 100.0
  2026-09-02      83.53 *      6      6   15816   T+1 83.53
  2026-09-03      98.59 *      6     30   15718   T+1 97.3  T+7 98.63  T+15 101.32  T+30 99.06  T+45 96.69
  2026-09-04     105.80 *      3      3    1989   T+1 105.8

  PROVISIONAL APIx = 105.80   (+5.80% against base)
  coverage: 34.8% of basket weight, 1 lead-time bucket(s)
  not published as headline: 35% of basket weight (needs 60%); 1 lead-time bucket(s) (needs 3)
  largest movers: BOM-BLR 108.2 (+8.2)   DEL-BOM 107.5 (+7.5)   DEL-BLR 101.6 (+1.6)

  * provisional — coverage below publication threshold

  cleaning report:
    nothing excluded — every cell met the observation, basket and plausibility rules

  wrote 4 day(s) to apix_daily

APIx — Airfare Price Index      base 2026-09-01 = 100
method: weighted Jevons on minimum logical fares, seat-weighted, min 3 obs/cell

  day              APIx   routes  cells     obs   by lead time
  2026-09-01     100.00 *      6     30    2040   T+1 100.0  T+7 100.0  T+15 100.0  T+30 100.0  T+45 100.0
  2026-09-02      83.53 *      6      6   15816   T+1 83.53
  2026-09-03      98.59 *      6     30   15718   T+1 97.3  T+7 98.63  T+15 101.32  T+30 99.06  T+45 96.69
  2026-09-04     105.80 *      3      3    2041   T+1 105.8

  PROVISIONAL APIx = 105.80   (+5.80% against base)
  coverage: 34.8% of basket weight, 1 lead-time bucket(s)
  not published as headline: 35% of basket weight (needs 60%); 1 lead-time bucket(s) (needs 3)
  largest movers: BOM-BLR 108.2 (+8.2)   DEL-BOM 107.5 (+7.5)   DEL-BLR 101.6 (+1.6)

  * provisional — coverage below publication threshold

  cleaning report:
    nothing excluded — every cell met the observation, basket and plausibility rules

  wrote 4 day(s) to apix_daily

APIx — Airfare Price Index      base 2026-09-01 = 100
method: weighted Jevons on minimum logical fares, seat-weighted, min 3 obs/cell

  day              APIx   routes  cells     obs   by lead time
  2026-09-01     100.00 *      6     30    2040   T+1 100.0  T+7 100.0  T+15 100.0  T+30 100.0  T+45 100.0
  2026-09-02      83.53 *      6      6   15816   T+1 83.53
  2026-09-03      98.59 *      6     30   15718   T+1 97.3  T+7 98.63  T+15 101.32  T+30 99.06  T+45 96.69
  2026-09-04     105.80 *      3      3    2122   T+1 105.8

  PROVISIONAL APIx = 105.80   (+5.80% against base)
  coverage: 34.8% of basket weight, 1 lead-time bucket(s)
  not published as headline: 35% of basket weight (needs 60%); 1 lead-time bucket(s) (needs 3)
  largest movers: BOM-BLR 108.2 (+8.2)   DEL-BOM 107.5 (+7.5)   DEL-BLR 101.6 (+1.6)

  * provisional — coverage below publication threshold

  cleaning report:
    nothing excluded — every cell met the observation, basket and plausibility rules

  wrote 4 day(s) to apix_daily

APIx — Airfare Price Index      base 2026-09-01 = 100
method: weighted Jevons on minimum logical fares, seat-weighted, min 3 obs/cell

  day              APIx   routes  cells     obs   by lead time
  2026-09-01     100.00 *      6     30    2040   T+1 100.0  T+7 100.0  T+15 100.0  T+30 100.0  T+45 100.0
  2026-09-02      83.53 *      6      6   15816   T+1 83.53
  2026-09-03      98.59 *      6     30   15718   T+1 97.3  T+7 98.63  T+15 101.32  T+30 99.06  T+45 96.69
  2026-09-04     105.80 *      3      3    2236   T+1 105.8

  PROVISIONAL APIx = 105.80   (+5.80% against base)
  coverage: 34.8% of basket weight, 1 lead-time bucket(s)
  not published as headline: 35% of basket weight (needs 60%); 1 lead-time bucket(s) (needs 3)
  largest movers: BOM-BLR 108.2 (+8.2)   DEL-BOM 107.5 (+7.5)   DEL-BLR 101.6 (+1.6)

  * provisional — coverage below publication threshold

  cleaning report:
    nothing excluded — every cell met the observation, basket and plausibility rules

  wrote 4 day(s) to apix_daily

APIx — Airfare Price Index      base 2026-09-01 = 100
method: weighted Jevons on minimum logical fares, seat-weighted, min 3 obs/cell

  day              APIx   routes  cells     obs   by lead time
  2026-09-01     100.00 *      6     30    2040   T+1 100.0  T+7 100.0  T+15 100.0  T+30 100.0  T+45 100.0
  2026-09-02      83.53 *      6      6   15816   T+1 83.53
  2026-09-03      98.59 *      6     30   15718   T+1 97.3  T+7 98.63  T+15 101.32  T+30 99.06  T+45 96.69
  2026-09-04     105.80 *      3      3    2350   T+1 105.8

  PROVISIONAL APIx = 105.80   (+5.80% against base)
  coverage: 34.8% of basket weight, 1 lead-time bucket(s)
  not published as headline: 35% of basket weight (needs 60%); 1 lead-time bucket(s) (needs 3)
  largest movers: BOM-BLR 108.2 (+8.2)   DEL-BOM 107.5 (+7.5)   DEL-BLR 101.6 (+1.6)

  * provisional — coverage below publication threshold

  cleaning report:
    nothing excluded — every cell met the observation, basket and plausibility rules

  wrote 4 day(s) to apix_daily

APIx — Airfare Price Index      base 2026-09-01 = 100
method: weighted Jevons on minimum logical fares, seat-weighted, min 3 obs/cell

  day              APIx   routes  cells     obs   by lead time
  2026-09-01     100.00 *      6     30    2040   T+1 100.0  T+7 100.0  T+15 100.0  T+30 100.0  T+45 100.0
  2026-09-02      83.53 *      6      6   15816   T+1 83.53
  2026-09-03      98.59 *      6     30   15718   T+1 97.3  T+7 98.63  T+15 101.32  T+30 99.06  T+45 96.69
  2026-09-04     105.80 *      3      3    2457   T+1 105.8

  PROVISIONAL APIx = 105.80   (+5.80% against base)
  coverage: 34.8% of basket weight, 1 lead-time bucket(s)
  not published as headline: 35% of basket weight (needs 60%); 1 lead-time bucket(s) (needs 3)
  largest movers: BOM-BLR 108.2 (+8.2)   DEL-BOM 107.5 (+7.5)   DEL-BLR 101.6 (+1.6)

  * provisional — coverage below publication threshold

  cleaning report:
    nothing excluded — every cell met the observation, basket and plausibility rules

  wrote 4 day(s) to apix_daily

APIx — Airfare Price Index      base 2026-09-01 = 100
method: weighted Jevons on minimum logical fares, seat-weighted, min 3 obs/cell

  day              APIx   routes  cells     obs   by lead time
  2026-09-01     100.00 *      6     30    2040   T+1 100.0  T+7 100.0  T+15 100.0  T+30 100.0  T+45 100.0
  2026-09-02      83.53 *      6      6   15816   T+1 83.53
  2026-09-03      98.59 *      6     30   15718   T+1 97.3  T+7 98.63  T+15 101.32  T+30 99.06  T+45 96.69
  2026-09-04     105.80 *      3      3    2563   T+1 105.8

  PROVISIONAL APIx = 105.80   (+5.80% against base)
  coverage: 34.8% of basket weight, 1 lead-time bucket(s)
  not published as headline: 35% of basket weight (needs 60%); 1 lead-time bucket(s) (needs 3)
  largest movers: BOM-BLR 108.2 (+8.2)   DEL-BOM 107.5 (+7.5)   DEL-BLR 101.6 (+1.6)

  * provisional — coverage below publication threshold

  cleaning report:
    nothing excluded — every cell met the observation, basket and plausibility rules

  wrote 4 day(s) to apix_daily

APIx — Airfare Price Index      base 2026-09-01 = 100
method: weighted Jevons on minimum logical fares, seat-weighted, min 3 obs/cell

  day              APIx   routes  cells     obs   by lead time
  2026-09-01     100.00 *      6     30    2040   T+1 100.0  T+7 100.0  T+15 100.0  T+30 100.0  T+45 100.0
  2026-09-02      83.53 *      6      6   15816   T+1 83.53
  2026-09-03      98.59 *      6     30   15718   T+1 97.3  T+7 98.63  T+15 101.32  T+30 99.06  T+45 96.69
  2026-09-04     105.80 *      3      3    2668   T+1 105.8

  PROVISIONAL APIx = 105.80   (+5.80% against base)
  coverage: 34.8% of basket weight, 1 lead-time bucket(s)
  not published as headline: 35% of basket weight (needs 60%); 1 lead-time bucket(s) (needs 3)
  largest movers: BOM-BLR 108.2 (+8.2)   DEL-BOM 107.5 (+7.5)   DEL-BLR 101.6 (+1.6)

  * provisional — coverage below publication threshold

  cleaning report:
    nothing excluded — every cell met the observation, basket and plausibility rules

  wrote 4 day(s) to apix_daily

APIx — Airfare Price Index      base 2026-09-01 = 100
method: weighted Jevons on minimum logical fares, seat-weighted, min 3 obs/cell

  day              APIx   routes  cells     obs   by lead time
  2026-09-01     100.00 *      6     30    2040   T+1 100.0  T+7 100.0  T+15 100.0  T+30 100.0  T+45 100.0
  2026-09-02      83.53 *      6      6   15816   T+1 83.53
  2026-09-03      98.59 *      6     30   15718   T+1 97.3  T+7 98.63  T+15 101.32  T+30 99.06  T+45 96.69
  2026-09-04     105.80 *      3      3    2771   T+1 105.8

  PROVISIONAL APIx = 105.80   (+5.80% against base)
  coverage: 34.8% of basket weight, 1 lead-time bucket(s)
  not published as headline: 35% of basket weight (needs 60%); 1 lead-time bucket(s) (needs 3)
  largest movers: BOM-BLR 108.2 (+8.2)   DEL-BOM 107.5 (+7.5)   DEL-BLR 101.6 (+1.6)

  * provisional — coverage below publication threshold

  cleaning report:
    nothing excluded — every cell met the observation, basket and plausibility rules

  wrote 4 day(s) to apix_daily

APIx — Airfare Price Index      base 2026-09-01 = 100
method: weighted Jevons on minimum logical fares, seat-weighted, min 3 obs/cell

  day              APIx   routes  cells     obs   by lead time
  2026-09-01     100.00 *      6     30    2040   T+1 100.0  T+7 100.0  T+15 100.0  T+30 100.0  T+45 100.0
  2026-09-02      83.53 *      6      6   15816   T+1 83.53
  2026-09-03      98.59 *      6     30   15718   T+1 97.3  T+7 98.63  T+15 101.32  T+30 99.06  T+45 96.69
  2026-09-04     105.80 *      3      3    2873   T+1 105.8

  PROVISIONAL APIx = 105.80   (+5.80% against base)
  coverage: 34.8% of basket weight, 1 lead-time bucket(s)
  not published as headline: 35% of basket weight (needs 60%); 1 lead-time bucket(s) (needs 3)
  largest movers: BOM-BLR 108.2 (+8.2)   DEL-BOM 107.5 (+7.5)   DEL-BLR 101.6 (+1.6)

  * provisional — coverage below publication threshold

  cleaning report:
    nothing excluded — every cell met the observation, basket and plausibility rules

  wrote 4 day(s) to apix_daily

APIx — Airfare Price Index      base 2026-09-01 = 100
method: weighted Jevons on minimum logical fares, seat-weighted, min 3 obs/cell

  day              APIx   routes  cells     obs   by lead time
  2026-09-01     100.00 *      6     30    2040   T+1 100.0  T+7 100.0  T+15 100.0  T+30 100.0  T+45 100.0
  2026-09-02      83.53 *      6      6   15816   T+1 83.53
  2026-09-03      98.59 *      6     30   15718   T+1 97.3  T+7 98.63  T+15 101.32  T+30 99.06  T+45 96.69
  2026-09-04     104.72 *      3      3    2980   T+1 104.72

  PROVISIONAL APIx = 104.72   (+4.72% against base)
  coverage: 34.8% of basket weight, 1 lead-time bucket(s)
  not published as headline: 35% of basket weight (needs 60%); 1 lead-time bucket(s) (needs 3)
  largest movers: DEL-BOM 107.5 (+7.5)   BOM-BLR 103.9 (+3.9)   DEL-BLR 101.6 (+1.6)

  * provisional — coverage below publication threshold

  cleaning report:
    nothing excluded — every cell met the observation, basket and plausibility rules
  recorded 1 revision(s)

  wrote 4 day(s) to apix_daily

APIx — Airfare Price Index      base 2026-09-01 = 100
method: weighted Jevons on minimum logical fares, seat-weighted, min 3 obs/cell

  day              APIx   routes  cells     obs   by lead time
  2026-09-01     100.00 *      6     30    2040   T+1 100.0  T+7 100.0  T+15 100.0  T+30 100.0  T+45 100.0
  2026-09-02      83.53 *      6      6   15816   T+1 83.53
  2026-09-03      98.59 *      6     30   15718   T+1 97.3  T+7 98.63  T+15 101.32  T+30 99.06  T+45 96.69
  2026-09-04     104.72 *      3      3    3087   T+1 104.72

  PROVISIONAL APIx = 104.72   (+4.72% against base)
  coverage: 34.8% of basket weight, 1 lead-time bucket(s)
  not published as headline: 35% of basket weight (needs 60%); 1 lead-time bucket(s) (needs 3)
  largest movers: DEL-BOM 107.5 (+7.5)   BOM-BLR 103.9 (+3.9)   DEL-BLR 101.6 (+1.6)

  * provisional — coverage below publication threshold

  cleaning report:
    nothing excluded — every cell met the observation, basket and plausibility rules

  wrote 4 day(s) to apix_daily

APIx — Airfare Price Index      base 2026-09-01 = 100
method: weighted Jevons on minimum logical fares, seat-weighted, min 3 obs/cell

  day              APIx   routes  cells     obs   by lead time
  2026-09-01     100.00 *      6     30    2040   T+1 100.0  T+7 100.0  T+15 100.0  T+30 100.0  T+45 100.0
  2026-09-02      83.53 *      6      6   15816   T+1 83.53
  2026-09-03      98.59 *      6     30   15718   T+1 97.3  T+7 98.63  T+15 101.32  T+30 99.06  T+45 96.69
  2026-09-04     104.72 *      3      3    3194   T+1 104.72

  PROVISIONAL APIx = 104.72   (+4.72% against base)
  coverage: 34.8% of basket weight, 1 lead-time bucket(s)
  not published as headline: 35% of basket weight (needs 60%); 1 lead-time bucket(s) (needs 3)
  largest movers: DEL-BOM 107.5 (+7.5)   BOM-BLR 103.9 (+3.9)   DEL-BLR 101.6 (+1.6)

  * provisional — coverage below publication threshold

  cleaning report:
    nothing excluded — every cell met the observation, basket and plausibility rules

  wrote 4 day(s) to apix_daily

APIx — Airfare Price Index      base 2026-09-01 = 100
method: weighted Jevons on minimum logical fares, seat-weighted, min 3 obs/cell

  day              APIx   routes  cells     obs   by lead time
  2026-09-01     100.00 *      6     30    2040   T+1 100.0  T+7 100.0  T+15 100.0  T+30 100.0  T+45 100.0
  2026-09-02      83.53 *      6      6   15816   T+1 83.53
  2026-09-03      98.59 *      6     30   15718   T+1 97.3  T+7 98.63  T+15 101.32  T+30 99.06  T+45 96.69
  2026-09-04     104.72 *      3      3    3301   T+1 104.72

  PROVISIONAL APIx = 104.72   (+4.72% against base)
  coverage: 34.8% of basket weight, 1 lead-time bucket(s)
  not published as headline: 35% of basket weight (needs 60%); 1 lead-time bucket(s) (needs 3)
  largest movers: DEL-BOM 107.5 (+7.5)   BOM-BLR 103.9 (+3.9)   DEL-BLR 101.6 (+1.6)

  * provisional — coverage below publication threshold

  cleaning report:
    nothing excluded — every cell met the observation, basket and plausibility rules

  wrote 4 day(s) to apix_daily

APIx — Airfare Price Index      base 2026-09-01 = 100
method: weighted Jevons on minimum logical fares, seat-weighted, min 3 obs/cell

  day              APIx   routes  cells     obs   by lead time
  2026-09-01     100.00 *      6     30    2040   T+1 100.0  T+7 100.0  T+15 100.0  T+30 100.0  T+45 100.0
  2026-09-02      83.53 *      6      6   15816   T+1 83.53
  2026-09-03      98.59 *      6     30   15718   T+1 97.3  T+7 98.63  T+15 101.32  T+30 99.06  T+45 96.69
  2026-09-04     104.72 *      3      3    3409   T+1 104.72

  PROVISIONAL APIx = 104.72   (+4.72% against base)
  coverage: 34.8% of basket weight, 1 lead-time bucket(s)
  not published as headline: 35% of basket weight (needs 60%); 1 lead-time bucket(s) (needs 3)
  largest movers: DEL-BOM 107.5 (+7.5)   BOM-BLR 103.9 (+3.9)   DEL-BLR 101.6 (+1.6)

  * provisional — coverage below publication threshold

  cleaning report:
    nothing excluded — every cell met the observation, basket and plausibility rules

  wrote 4 day(s) to apix_daily

APIx — Airfare Price Index      base 2026-09-01 = 100
method: weighted Jevons on minimum logical fares, seat-weighted, min 3 obs/cell

  day              APIx   routes  cells     obs   by lead time
  2026-09-01     100.00 *      6     30    2040   T+1 100.0  T+7 100.0  T+15 100.0  T+30 100.0  T+45 100.0
  2026-09-02      83.53 *      6      6   15816   T+1 83.53
  2026-09-03      98.59 *      6     30   15718   T+1 97.3  T+7 98.63  T+15 101.32  T+30 99.06  T+45 96.69
  2026-09-04     104.72 *      3      3    3516   T+1 104.72

  PROVISIONAL APIx = 104.72   (+4.72% against base)
  coverage: 34.8% of basket weight, 1 lead-time bucket(s)
  not published as headline: 35% of basket weight (needs 60%); 1 lead-time bucket(s) (needs 3)
  largest movers: DEL-BOM 107.5 (+7.5)   BOM-BLR 103.9 (+3.9)   DEL-BLR 101.6 (+1.6)

  * provisional — coverage below publication threshold

  cleaning report:
    nothing excluded — every cell met the observation, basket and plausibility rules

  wrote 4 day(s) to apix_daily

APIx — Airfare Price Index      base 2026-09-01 = 100
method: weighted Jevons on minimum logical fares, seat-weighted, min 3 obs/cell

  day              APIx   routes  cells     obs   by lead time
  2026-09-01     100.00 *      6     30    2040   T+1 100.0  T+7 100.0  T+15 100.0  T+30 100.0  T+45 100.0
  2026-09-02      83.53 *      6      6   15816   T+1 83.53
  2026-09-03      98.59 *      6     30   15718   T+1 97.3  T+7 98.63  T+15 101.32  T+30 99.06  T+45 96.69
  2026-09-04     104.72 *      3      3    3624   T+1 104.72

  PROVISIONAL APIx = 104.72   (+4.72% against base)
  coverage: 34.8% of basket weight, 1 lead-time bucket(s)
  not published as headline: 35% of basket weight (needs 60%); 1 lead-time bucket(s) (needs 3)
  largest movers: DEL-BOM 107.5 (+7.5)   BOM-BLR 103.9 (+3.9)   DEL-BLR 101.6 (+1.6)

  * provisional — coverage below publication threshold

  cleaning report:
    nothing excluded — every cell met the observation, basket and plausibility rules

  wrote 4 day(s) to apix_daily

APIx — Airfare Price Index      base 2026-09-01 = 100
method: weighted Jevons on minimum logical fares, seat-weighted, min 3 obs/cell

  day              APIx   routes  cells     obs   by lead time
  2026-09-01     100.00 *      6     30    2040   T+1 100.0  T+7 100.0  T+15 100.0  T+30 100.0  T+45 100.0
  2026-09-02      83.53 *      6      6   15816   T+1 83.53
  2026-09-03      98.59 *      6     30   15718   T+1 97.3  T+7 98.63  T+15 101.32  T+30 99.06  T+45 96.69
  2026-09-04     104.72 *      3      3    3730   T+1 104.72

  PROVISIONAL APIx = 104.72   (+4.72% against base)
  coverage: 34.8% of basket weight, 1 lead-time bucket(s)
  not published as headline: 35% of basket weight (needs 60%); 1 lead-time bucket(s) (needs 3)
  largest movers: DEL-BOM 107.5 (+7.5)   BOM-BLR 103.9 (+3.9)   DEL-BLR 101.6 (+1.6)

  * provisional — coverage below publication threshold

  cleaning report:
    nothing excluded — every cell met the observation, basket and plausibility rules

  wrote 4 day(s) to apix_daily

APIx — Airfare Price Index      base 2026-09-01 = 100
method: weighted Jevons on minimum logical fares, seat-weighted, min 3 obs/cell

  day              APIx   routes  cells     obs   by lead time
  2026-09-01     100.00 *      6     30    2040   T+1 100.0  T+7 100.0  T+15 100.0  T+30 100.0  T+45 100.0
  2026-09-02      83.53 *      6      6   15816   T+1 83.53
  2026-09-03      98.59 *      6     30   15718   T+1 97.3  T+7 98.63  T+15 101.32  T+30 99.06  T+45 96.69
  2026-09-04     104.72 *      3      3    3836   T+1 104.72

  PROVISIONAL APIx = 104.72   (+4.72% against base)
  coverage: 34.8% of basket weight, 1 lead-time bucket(s)
  not published as headline: 35% of basket weight (needs 60%); 1 lead-time bucket(s) (needs 3)
  largest movers: DEL-BOM 107.5 (+7.5)   BOM-BLR 103.9 (+3.9)   DEL-BLR 101.6 (+1.6)

  * provisional — coverage below publication threshold

  cleaning report:
    nothing excluded — every cell met the observation, basket and plausibility rules

  wrote 4 day(s) to apix_daily

APIx — Airfare Price Index      base 2026-09-01 = 100
method: weighted Jevons on minimum logical fares, seat-weighted, min 3 obs/cell

  day              APIx   routes  cells     obs   by lead time
  2026-09-01     100.00 *      6     30    2040   T+1 100.0  T+7 100.0  T+15 100.0  T+30 100.0  T+45 100.0
  2026-09-02      83.53 *      6      6   15816   T+1 83.53
  2026-09-03      98.59 *      6     30   15718   T+1 97.3  T+7 98.63  T+15 101.32  T+30 99.06  T+45 96.69
  2026-09-04     104.72 *      3      3    3944   T+1 104.72

  PROVISIONAL APIx = 104.72   (+4.72% against base)
  coverage: 34.8% of basket weight, 1 lead-time bucket(s)
  not published as headline: 35% of basket weight (needs 60%); 1 lead-time bucket(s) (needs 3)
  largest movers: DEL-BOM 107.5 (+7.5)   BOM-BLR 103.9 (+3.9)   DEL-BLR 101.6 (+1.6)

  * provisional — coverage below publication threshold

  cleaning report:
    nothing excluded — every cell met the observation, basket and plausibility rules

  wrote 4 day(s) to apix_daily

APIx — Airfare Price Index      base 2026-09-01 = 100
method: weighted Jevons on minimum logical fares, seat-weighted, min 3 obs/cell

  day              APIx   routes  cells     obs   by lead time
  2026-09-01     100.00 *      6     30    2040   T+1 100.0  T+7 100.0  T+15 100.0  T+30 100.0  T+45 100.0
  2026-09-02      83.53 *      6      6   15816   T+1 83.53
  2026-09-03      98.59 *      6     30   15718   T+1 97.3  T+7 98.63  T+15 101.32  T+30 99.06  T+45 96.69
  2026-09-04     104.72 *      3      3    4052   T+1 104.72

  PROVISIONAL APIx = 104.72   (+4.72% against base)
  coverage: 34.8% of basket weight, 1 lead-time bucket(s)
  not published as headline: 35% of basket weight (needs 60%); 1 lead-time bucket(s) (needs 3)
  largest movers: DEL-BOM 107.5 (+7.5)   BOM-BLR 103.9 (+3.9)   DEL-BLR 101.6 (+1.6)

  * provisional — coverage below publication threshold

  cleaning report:
    nothing excluded — every cell met the observation, basket and plausibility rules

  wrote 4 day(s) to apix_daily

APIx — Airfare Price Index      base 2026-09-01 = 100
method: weighted Jevons on minimum logical fares, seat-weighted, min 3 obs/cell

  day              APIx   routes  cells     obs   by lead time
  2026-09-01     100.00 *      6     30    2040   T+1 100.0  T+7 100.0  T+15 100.0  T+30 100.0  T+45 100.0
  2026-09-02      83.53 *      6      6   15816   T+1 83.53
  2026-09-03      98.59 *      6     30   15718   T+1 97.3  T+7 98.63  T+15 101.32  T+30 99.06  T+45 96.69
  2026-09-04     104.72 *      3      3    4160   T+1 104.72

  PROVISIONAL APIx = 104.72   (+4.72% against base)
  coverage: 34.8% of basket weight, 1 lead-time bucket(s)
  not published as headline: 35% of basket weight (needs 60%); 1 lead-time bucket(s) (needs 3)
  largest movers: DEL-BOM 107.5 (+7.5)   BOM-BLR 103.9 (+3.9)   DEL-BLR 101.6 (+1.6)

  * provisional — coverage below publication threshold

  cleaning report:
    nothing excluded — every cell met the observation, basket and plausibility rules

  wrote 4 day(s) to apix_daily

APIx — Airfare Price Index      base 2026-09-01 = 100
method: weighted Jevons on minimum logical fares, seat-weighted, min 3 obs/cell

  day              APIx   routes  cells     obs   by lead time
  2026-09-01     100.00 *      6     30    2040   T+1 100.0  T+7 100.0  T+15 100.0  T+30 100.0  T+45 100.0
  2026-09-02      83.53 *      6      6   15816   T+1 83.53
  2026-09-03      98.59 *      6     30   15718   T+1 97.3  T+7 98.63  T+15 101.32  T+30 99.06  T+45 96.69
  2026-09-04     104.72 *      3      3    4268   T+1 104.72

  PROVISIONAL APIx = 104.72   (+4.72% against base)
  coverage: 34.8% of basket weight, 1 lead-time bucket(s)
  not published as headline: 35% of basket weight (needs 60%); 1 lead-time bucket(s) (needs 3)
  largest movers: DEL-BOM 107.5 (+7.5)   BOM-BLR 103.9 (+3.9)   DEL-BLR 101.6 (+1.6)

  * provisional — coverage below publication threshold

  cleaning report:
    nothing excluded — every cell met the observation, basket and plausibility rules

  wrote 4 day(s) to apix_daily

APIx — Airfare Price Index      base 2026-09-01 = 100
method: weighted Jevons on minimum logical fares, seat-weighted, min 3 obs/cell

  day              APIx   routes  cells     obs   by lead time
  2026-09-01     100.00 *      6     30    2040   T+1 100.0  T+7 100.0  T+15 100.0  T+30 100.0  T+45 100.0
  2026-09-02      83.53 *      6      6   15816   T+1 83.53
  2026-09-03      98.59 *      6     30   15718   T+1 97.3  T+7 98.63  T+15 101.32  T+30 99.06  T+45 96.69
  2026-09-04     104.72 *      3      3    4375   T+1 104.72

  PROVISIONAL APIx = 104.72   (+4.72% against base)
  coverage: 34.8% of basket weight, 1 lead-time bucket(s)
  not published as headline: 35% of basket weight (needs 60%); 1 lead-time bucket(s) (needs 3)
  largest movers: DEL-BOM 107.5 (+7.5)   BOM-BLR 103.9 (+3.9)   DEL-BLR 101.6 (+1.6)

  * provisional — coverage below publication threshold

  cleaning report:
    nothing excluded — every cell met the observation, basket and plausibility rules

  wrote 4 day(s) to apix_daily

APIx — Airfare Price Index      base 2026-09-01 = 100
method: weighted Jevons on minimum logical fares, seat-weighted, min 3 obs/cell

  day              APIx   routes  cells     obs   by lead time
  2026-09-01     100.00 *      6     30    2040   T+1 100.0  T+7 100.0  T+15 100.0  T+30 100.0  T+45 100.0
  2026-09-02      83.53 *      6      6   15816   T+1 83.53
  2026-09-03      98.59 *      6     30   15718   T+1 97.3  T+7 98.63  T+15 101.32  T+30 99.06  T+45 96.69
  2026-09-04     104.72 *      3      3    4486   T+1 104.72

  PROVISIONAL APIx = 104.72   (+4.72% against base)
  coverage: 34.8% of basket weight, 1 lead-time bucket(s)
  not published as headline: 35% of basket weight (needs 60%); 1 lead-time bucket(s) (needs 3)
  largest movers: DEL-BOM 107.5 (+7.5)   BOM-BLR 103.9 (+3.9)   DEL-BLR 101.6 (+1.6)

  * provisional — coverage below publication threshold

  cleaning report:
    nothing excluded — every cell met the observation, basket and plausibility rules

  wrote 4 day(s) to apix_daily

APIx — Airfare Price Index      base 2026-09-01 = 100
method: weighted Jevons on minimum logical fares, seat-weighted, min 3 obs/cell

  day              APIx   routes  cells     obs   by lead time
  2026-09-01     100.00 *      6     30    2040   T+1 100.0  T+7 100.0  T+15 100.0  T+30 100.0  T+45 100.0
  2026-09-02      83.53 *      6      6   15816   T+1 83.53
  2026-09-03      98.59 *      6     30   15718   T+1 97.3  T+7 98.63  T+15 101.32  T+30 99.06  T+45 96.69
  2026-09-04     104.72 *      3      3    4597   T+1 104.72

  PROVISIONAL APIx = 104.72   (+4.72% against base)
  coverage: 34.8% of basket weight, 1 lead-time bucket(s)
  not published as headline: 35% of basket weight (needs 60%); 1 lead-time bucket(s) (needs 3)
  largest movers: DEL-BOM 107.5 (+7.5)   BOM-BLR 103.9 (+3.9)   DEL-BLR 101.6 (+1.6)

  * provisional — coverage below publication threshold

  cleaning report:
    nothing excluded — every cell met the observation, basket and plausibility rules

  wrote 4 day(s) to apix_daily

APIx — Airfare Price Index      base 2026-09-01 = 100
method: weighted Jevons on minimum logical fares, seat-weighted, min 3 obs/cell

  day              APIx   routes  cells     obs   by lead time
  2026-09-01     100.00 *      6     30    2040   T+1 100.0  T+7 100.0  T+15 100.0  T+30 100.0  T+45 100.0
  2026-09-02      83.53 *      6      6   15816   T+1 83.53
  2026-09-03      98.59 *      6     30   15718   T+1 97.3  T+7 98.63  T+15 101.32  T+30 99.06  T+45 96.69
  2026-09-04     104.72 *      3      3    4706   T+1 104.72

  PROVISIONAL APIx = 104.72   (+4.72% against base)
  coverage: 34.8% of basket weight, 1 lead-time bucket(s)
  not published as headline: 35% of basket weight (needs 60%); 1 lead-time bucket(s) (needs 3)
  largest movers: DEL-BOM 107.5 (+7.5)   BOM-BLR 103.9 (+3.9)   DEL-BLR 101.6 (+1.6)

  * provisional — coverage below publication threshold

  cleaning report:
    nothing excluded — every cell met the observation, basket and plausibility rules

  wrote 4 day(s) to apix_daily

APIx — Airfare Price Index      base 2026-09-01 = 100
method: weighted Jevons on minimum logical fares, seat-weighted, min 3 obs/cell

  day              APIx   routes  cells     obs   by lead time
  2026-09-01     100.00 *      6     30    2040   T+1 100.0  T+7 100.0  T+15 100.0  T+30 100.0  T+45 100.0
  2026-09-02      83.53 *      6      6   15816   T+1 83.53
  2026-09-03      98.59 *      6     30   15718   T+1 97.3  T+7 98.63  T+15 101.32  T+30 99.06  T+45 96.69
  2026-09-04     104.72 *      3      3    4815   T+1 104.72

  PROVISIONAL APIx = 104.72   (+4.72% against base)
  coverage: 34.8% of basket weight, 1 lead-time bucket(s)
  not published as headline: 35% of basket weight (needs 60%); 1 lead-time bucket(s) (needs 3)
  largest movers: DEL-BOM 107.5 (+7.5)   BOM-BLR 103.9 (+3.9)   DEL-BLR 101.6 (+1.6)

  * provisional — coverage below publication threshold

  cleaning report:
    nothing excluded — every cell met the observation, basket and plausibility rules

  wrote 4 day(s) to apix_daily

APIx — Airfare Price Index      base 2026-09-01 = 100
method: weighted Jevons on minimum logical fares, seat-weighted, min 3 obs/cell

  day              APIx   routes  cells     obs   by lead time
  2026-09-01     100.00 *      6     30    2040   T+1 100.0  T+7 100.0  T+15 100.0  T+30 100.0  T+45 100.0
  2026-09-02      83.53 *      6      6   15816   T+1 83.53
  2026-09-03      98.59 *      6     30   15718   T+1 97.3  T+7 98.63  T+15 101.32  T+30 99.06  T+45 96.69
  2026-09-04     104.72 *      3      3    4925   T+1 104.72

  PROVISIONAL APIx = 104.72   (+4.72% against base)
  coverage: 34.8% of basket weight, 1 lead-time bucket(s)
  not published as headline: 35% of basket weight (needs 60%); 1 lead-time bucket(s) (needs 3)
  largest movers: DEL-BOM 107.5 (+7.5)   BOM-BLR 103.9 (+3.9)   DEL-BLR 101.6 (+1.6)

  * provisional — coverage below publication threshold

  cleaning report:
    nothing excluded — every cell met the observation, basket and plausibility rules

  wrote 4 day(s) to apix_daily

APIx — Airfare Price Index      base 2026-09-01 = 100
method: weighted Jevons on minimum logical fares, seat-weighted, min 3 obs/cell

  day              APIx   routes  cells     obs   by lead time
  2026-09-01     100.00 *      6     30    2040   T+1 100.0  T+7 100.0  T+15 100.0  T+30 100.0  T+45 100.0
  2026-09-02      83.53 *      6      6   15816   T+1 83.53
  2026-09-03      98.59 *      6     30   15718   T+1 97.3  T+7 98.63  T+15 101.32  T+30 99.06  T+45 96.69
  2026-09-04     104.72 *      3      3    5036   T+1 104.72

  PROVISIONAL APIx = 104.72   (+4.72% against base)
  coverage: 34.8% of basket weight, 1 lead-time bucket(s)
  not published as headline: 35% of basket weight (needs 60%); 1 lead-time bucket(s) (needs 3)
  largest movers: DEL-BOM 107.5 (+7.5)   BOM-BLR 103.9 (+3.9)   DEL-BLR 101.6 (+1.6)

  * provisional — coverage below publication threshold

  cleaning report:
    nothing excluded — every cell met the observation, basket and plausibility rules

  wrote 4 day(s) to apix_daily

APIx — Airfare Price Index      base 2026-09-01 = 100
method: weighted Jevons on minimum logical fares, seat-weighted, min 3 obs/cell

  day              APIx   routes  cells     obs   by lead time
  2026-09-01     100.00 *      6     30    2040   T+1 100.0  T+7 100.0  T+15 100.0  T+30 100.0  T+45 100.0
  2026-09-02      83.53 *      6      6   15816   T+1 83.53
  2026-09-03      98.59 *      6     30   15718   T+1 97.3  T+7 98.63  T+15 101.32  T+30 99.06  T+45 96.69
  2026-09-04     104.72 *      3      3    5147   T+1 104.72

  PROVISIONAL APIx = 104.72   (+4.72% against base)
  coverage: 34.8% of basket weight, 1 lead-time bucket(s)
  not published as headline: 35% of basket weight (needs 60%); 1 lead-time bucket(s) (needs 3)
  largest movers: DEL-BOM 107.5 (+7.5)   BOM-BLR 103.9 (+3.9)   DEL-BLR 101.6 (+1.6)

  * provisional — coverage below publication threshold

  cleaning report:
    nothing excluded — every cell met the observation, basket and plausibility rules

  wrote 4 day(s) to apix_daily

APIx — Airfare Price Index      base 2026-09-01 = 100
method: weighted Jevons on minimum logical fares, seat-weighted, min 3 obs/cell

  day              APIx   routes  cells     obs   by lead time
  2026-09-01     100.00 *      6     30    2040   T+1 100.0  T+7 100.0  T+15 100.0  T+30 100.0  T+45 100.0
  2026-09-02      83.53 *      6      6   15816   T+1 83.53
  2026-09-03      98.59 *      6     30   15718   T+1 97.3  T+7 98.63  T+15 101.32  T+30 99.06  T+45 96.69
  2026-09-04     104.72 *      3      3    5255   T+1 104.72

  PROVISIONAL APIx = 104.72   (+4.72% against base)
  coverage: 34.8% of basket weight, 1 lead-time bucket(s)
  not published as headline: 35% of basket weight (needs 60%); 1 lead-time bucket(s) (needs 3)
  largest movers: DEL-BOM 107.5 (+7.5)   BOM-BLR 103.9 (+3.9)   DEL-BLR 101.6 (+1.6)

  * provisional — coverage below publication threshold

  cleaning report:
    nothing excluded — every cell met the observation, basket and plausibility rules

  wrote 4 day(s) to apix_daily

APIx — Airfare Price Index      base 2026-09-01 = 100
method: weighted Jevons on minimum logical fares, seat-weighted, min 3 obs/cell

  day              APIx   routes  cells     obs   by lead time
  2026-09-01     100.00 *      6     30    2040   T+1 100.0  T+7 100.0  T+15 100.0  T+30 100.0  T+45 100.0
  2026-09-02      83.53 *      6      6   15816   T+1 83.53
  2026-09-03      98.59 *      6     30   15718   T+1 97.3  T+7 98.63  T+15 101.32  T+30 99.06  T+45 96.69
  2026-09-04     104.72 *      3      3    5362   T+1 104.72

  PROVISIONAL APIx = 104.72   (+4.72% against base)
  coverage: 34.8% of basket weight, 1 lead-time bucket(s)
  not published as headline: 35% of basket weight (needs 60%); 1 lead-time bucket(s) (needs 3)
  largest movers: DEL-BOM 107.5 (+7.5)   BOM-BLR 103.9 (+3.9)   DEL-BLR 101.6 (+1.6)

  * provisional — coverage below publication threshold

  cleaning report:
    nothing excluded — every cell met the observation, basket and plausibility rules

  wrote 4 day(s) to apix_daily

APIx — Airfare Price Index      base 2026-09-01 = 100
method: weighted Jevons on minimum logical fares, seat-weighted, min 3 obs/cell

  day              APIx   routes  cells     obs   by lead time
  2026-09-01     100.00 *      6     30    2040   T+1 100.0  T+7 100.0  T+15 100.0  T+30 100.0  T+45 100.0
  2026-09-02      83.53 *      6      6   15816   T+1 83.53
  2026-09-03      98.59 *      6     30   15718   T+1 97.3  T+7 98.63  T+15 101.32  T+30 99.06  T+45 96.69
  2026-09-04     104.72 *      3      3    5468   T+1 104.72

  PROVISIONAL APIx = 104.72   (+4.72% against base)
  coverage: 34.8% of basket weight, 1 lead-time bucket(s)
  not published as headline: 35% of basket weight (needs 60%); 1 lead-time bucket(s) (needs 3)
  largest movers: DEL-BOM 107.5 (+7.5)   BOM-BLR 103.9 (+3.9)   DEL-BLR 101.6 (+1.6)

  * provisional — coverage below publication threshold

  cleaning report:
    nothing excluded — every cell met the observation, basket and plausibility rules

  wrote 4 day(s) to apix_daily

APIx — Airfare Price Index      base 2026-09-01 = 100
method: weighted Jevons on minimum logical fares, seat-weighted, min 3 obs/cell

  day              APIx   routes  cells     obs   by lead time
  2026-09-01     100.00 *      6     30    2040   T+1 100.0  T+7 100.0  T+15 100.0  T+30 100.0  T+45 100.0
  2026-09-02      83.53 *      6      6   15816   T+1 83.53
  2026-09-03      98.59 *      6     30   15718   T+1 97.3  T+7 98.63  T+15 101.32  T+30 99.06  T+45 96.69
  2026-09-04     104.72 *      3      3    5579   T+1 104.72

  PROVISIONAL APIx = 104.72   (+4.72% against base)
  coverage: 34.8% of basket weight, 1 lead-time bucket(s)
  not published as headline: 35% of basket weight (needs 60%); 1 lead-time bucket(s) (needs 3)
  largest movers: DEL-BOM 107.5 (+7.5)   BOM-BLR 103.9 (+3.9)   DEL-BLR 101.6 (+1.6)

  * provisional — coverage below publication threshold

  cleaning report:
    nothing excluded — every cell met the observation, basket and plausibility rules

  wrote 4 day(s) to apix_daily

APIx — Airfare Price Index      base 2026-09-01 = 100
method: weighted Jevons on minimum logical fares, seat-weighted, min 3 obs/cell

  day              APIx   routes  cells     obs   by lead time
  2026-09-01     100.00 *      6     30    2040   T+1 100.0  T+7 100.0  T+15 100.0  T+30 100.0  T+45 100.0
  2026-09-02      83.53 *      6      6   15816   T+1 83.53
  2026-09-03      98.59 *      6     30   15718   T+1 97.3  T+7 98.63  T+15 101.32  T+30 99.06  T+45 96.69
  2026-09-04     104.72 *      3      3    5686   T+1 104.72

  PROVISIONAL APIx = 104.72   (+4.72% against base)
  coverage: 34.8% of basket weight, 1 lead-time bucket(s)
  not published as headline: 35% of basket weight (needs 60%); 1 lead-time bucket(s) (needs 3)
  largest movers: DEL-BOM 107.5 (+7.5)   BOM-BLR 103.9 (+3.9)   DEL-BLR 101.6 (+1.6)

  * provisional — coverage below publication threshold

  cleaning report:
    nothing excluded — every cell met the observation, basket and plausibility rules

  wrote 4 day(s) to apix_daily

APIx — Airfare Price Index      base 2026-09-01 = 100
method: weighted Jevons on minimum logical fares, seat-weighted, min 3 obs/cell

  day              APIx   routes  cells     obs   by lead time
  2026-09-01     100.00 *      6     30    2040   T+1 100.0  T+7 100.0  T+15 100.0  T+30 100.0  T+45 100.0
  2026-09-02      83.53 *      6      6   15816   T+1 83.53
  2026-09-03      98.59 *      6     30   15718   T+1 97.3  T+7 98.63  T+15 101.32  T+30 99.06  T+45 96.69
  2026-09-04     104.72 *      3      3    5793   T+1 104.72

  PROVISIONAL APIx = 104.72   (+4.72% against base)
  coverage: 34.8% of basket weight, 1 lead-time bucket(s)
  not published as headline: 35% of basket weight (needs 60%); 1 lead-time bucket(s) (needs 3)
  largest movers: DEL-BOM 107.5 (+7.5)   BOM-BLR 103.9 (+3.9)   DEL-BLR 101.6 (+1.6)

  * provisional — coverage below publication threshold

  cleaning report:
    nothing excluded — every cell met the observation, basket and plausibility rules

  wrote 4 day(s) to apix_daily

APIx — Airfare Price Index      base 2026-09-01 = 100
method: weighted Jevons on minimum logical fares, seat-weighted, min 3 obs/cell

  day              APIx   routes  cells     obs   by lead time
  2026-09-01     100.00 *      6     30    2040   T+1 100.0  T+7 100.0  T+15 100.0  T+30 100.0  T+45 100.0
  2026-09-02      83.53 *      6      6   15816   T+1 83.53
  2026-09-03      98.59 *      6     30   15718   T+1 97.3  T+7 98.63  T+15 101.32  T+30 99.06  T+45 96.69
  2026-09-04     104.72 *      3      3    5901   T+1 104.72

  PROVISIONAL APIx = 104.72   (+4.72% against base)
  coverage: 34.8% of basket weight, 1 lead-time bucket(s)
  not published as headline: 35% of basket weight (needs 60%); 1 lead-time bucket(s) (needs 3)
  largest movers: DEL-BOM 107.5 (+7.5)   BOM-BLR 103.9 (+3.9)   DEL-BLR 101.6 (+1.6)

  * provisional — coverage below publication threshold

  cleaning report:
    nothing excluded — every cell met the observation, basket and plausibility rules

  wrote 4 day(s) to apix_daily

APIx — Airfare Price Index      base 2026-09-01 = 100
method: weighted Jevons on minimum logical fares, seat-weighted, min 3 obs/cell

  day              APIx   routes  cells     obs   by lead time
  2026-09-01     100.00 *      6     30    2040   T+1 100.0  T+7 100.0  T+15 100.0  T+30 100.0  T+45 100.0
  2026-09-02      83.53 *      6      6   15816   T+1 83.53
  2026-09-03      98.59 *      6     30   15718   T+1 97.3  T+7 98.63  T+15 101.32  T+30 99.06  T+45 96.69
  2026-09-04     104.72 *      3      3    6012   T+1 104.72

  PROVISIONAL APIx = 104.72   (+4.72% against base)
  coverage: 34.8% of basket weight, 1 lead-time bucket(s)
  not published as headline: 35% of basket weight (needs 60%); 1 lead-time bucket(s) (needs 3)
  largest movers: DEL-BOM 107.5 (+7.5)   BOM-BLR 103.9 (+3.9)   DEL-BLR 101.6 (+1.6)

  * provisional — coverage below publication threshold

  cleaning report:
    nothing excluded — every cell met the observation, basket and plausibility rules

  wrote 4 day(s) to apix_daily

APIx — Airfare Price Index      base 2026-09-01 = 100
method: weighted Jevons on minimum logical fares, seat-weighted, min 3 obs/cell

  day              APIx   routes  cells     obs   by lead time
  2026-09-01     100.00 *      6     30    2040   T+1 100.0  T+7 100.0  T+15 100.0  T+30 100.0  T+45 100.0
  2026-09-02      83.53 *      6      6   15816   T+1 83.53
  2026-09-03      98.59 *      6     30   15718   T+1 97.3  T+7 98.63  T+15 101.32  T+30 99.06  T+45 96.69
  2026-09-04     104.72 *      3      3    6122   T+1 104.72

  PROVISIONAL APIx = 104.72   (+4.72% against base)
  coverage: 34.8% of basket weight, 1 lead-time bucket(s)
  not published as headline: 35% of basket weight (needs 60%); 1 lead-time bucket(s) (needs 3)
  largest movers: DEL-BOM 107.5 (+7.5)   BOM-BLR 103.9 (+3.9)   DEL-BLR 101.6 (+1.6)

  * provisional — coverage below publication threshold

  cleaning report:
    nothing excluded — every cell met the observation, basket and plausibility rules

  wrote 4 day(s) to apix_daily

APIx — Airfare Price Index      base 2026-09-01 = 100
method: weighted Jevons on minimum logical fares, seat-weighted, min 3 obs/cell

  day              APIx   routes  cells     obs   by lead time
  2026-09-01     100.00 *      6     30    2040   T+1 100.0  T+7 100.0  T+15 100.0  T+30 100.0  T+45 100.0
  2026-09-02      83.53 *      6      6   15816   T+1 83.53
  2026-09-03      98.59 *      6     30   15718   T+1 97.3  T+7 98.63  T+15 101.32  T+30 99.06  T+45 96.69
  2026-09-04     104.72 *      3      3    6231   T+1 104.72

  PROVISIONAL APIx = 104.72   (+4.72% against base)
  coverage: 34.8% of basket weight, 1 lead-time bucket(s)
  not published as headline: 35% of basket weight (needs 60%); 1 lead-time bucket(s) (needs 3)
  largest movers: DEL-BOM 107.5 (+7.5)   BOM-BLR 103.9 (+3.9)   DEL-BLR 101.6 (+1.6)

  * provisional — coverage below publication threshold

  cleaning report:
    nothing excluded — every cell met the observation, basket and plausibility rules

  wrote 4 day(s) to apix_daily

APIx — Airfare Price Index      base 2026-09-01 = 100
method: weighted Jevons on minimum logical fares, seat-weighted, min 3 obs/cell

  day              APIx   routes  cells     obs   by lead time
  2026-09-01     100.00 *      6     30    2040   T+1 100.0  T+7 100.0  T+15 100.0  T+30 100.0  T+45 100.0
  2026-09-02      83.53 *      6      6   15816   T+1 83.53
  2026-09-03      98.59 *      6     30   15718   T+1 97.3  T+7 98.63  T+15 101.32  T+30 99.06  T+45 96.69
  2026-09-04     104.72 *      3      3    6343   T+1 104.72

  PROVISIONAL APIx = 104.72   (+4.72% against base)
  coverage: 34.8% of basket weight, 1 lead-time bucket(s)
  not published as headline: 35% of basket weight (needs 60%); 1 lead-time bucket(s) (needs 3)
  largest movers: DEL-BOM 107.5 (+7.5)   BOM-BLR 103.9 (+3.9)   DEL-BLR 101.6 (+1.6)

  * provisional — coverage below publication threshold

  cleaning report:
    nothing excluded — every cell met the observation, basket and plausibility rules

  wrote 4 day(s) to apix_daily

APIx — Airfare Price Index      base 2026-09-01 = 100
method: weighted Jevons on minimum logical fares, seat-weighted, min 3 obs/cell

  day              APIx   routes  cells     obs   by lead time
  2026-09-01     100.00 *      6     30    2040   T+1 100.0  T+7 100.0  T+15 100.0  T+30 100.0  T+45 100.0
  2026-09-02      83.53 *      6      6   15816   T+1 83.53
  2026-09-03      98.59 *      6     30   15718   T+1 97.3  T+7 98.63  T+15 101.32  T+30 99.06  T+45 96.69
  2026-09-04     104.72 *      3      3    6449   T+1 104.72

  PROVISIONAL APIx = 104.72   (+4.72% against base)
  coverage: 34.8% of basket weight, 1 lead-time bucket(s)
  not published as headline: 35% of basket weight (needs 60%); 1 lead-time bucket(s) (needs 3)
  largest movers: DEL-BOM 107.5 (+7.5)   BOM-BLR 103.9 (+3.9)   DEL-BLR 101.6 (+1.6)

  * provisional — coverage below publication threshold

  cleaning report:
    nothing excluded — every cell met the observation, basket and plausibility rules

  wrote 4 day(s) to apix_daily

APIx — Airfare Price Index      base 2026-09-01 = 100
method: weighted Jevons on minimum logical fares, seat-weighted, min 3 obs/cell

  day              APIx   routes  cells     obs   by lead time
  2026-09-01     100.00 *      6     30    2040   T+1 100.0  T+7 100.0  T+15 100.0  T+30 100.0  T+45 100.0
  2026-09-02      83.53 *      6      6   15816   T+1 83.53
  2026-09-03      98.59 *      6     30   15718   T+1 97.3  T+7 98.63  T+15 101.32  T+30 99.06  T+45 96.69
  2026-09-04     104.72 *      3      3    6557   T+1 104.72

  PROVISIONAL APIx = 104.72   (+4.72% against base)
  coverage: 34.8% of basket weight, 1 lead-time bucket(s)
  not published as headline: 35% of basket weight (needs 60%); 1 lead-time bucket(s) (needs 3)
  largest movers: DEL-BOM 107.5 (+7.5)   BOM-BLR 103.9 (+3.9)   DEL-BLR 101.6 (+1.6)

  * provisional — coverage below publication threshold

  cleaning report:
    nothing excluded — every cell met the observation, basket and plausibility rules

  wrote 4 day(s) to apix_daily

APIx — Airfare Price Index      base 2026-09-01 = 100
method: weighted Jevons on minimum logical fares, seat-weighted, min 3 obs/cell

  day              APIx   routes  cells     obs   by lead time
  2026-09-01     100.00 *      6     30    2040   T+1 100.0  T+7 100.0  T+15 100.0  T+30 100.0  T+45 100.0
  2026-09-02      83.53 *      6      6   15816   T+1 83.53
  2026-09-03      98.59 *      6     30   15718   T+1 97.3  T+7 98.63  T+15 101.32  T+30 99.06  T+45 96.69
  2026-09-04     104.72 *      3      3    6665   T+1 104.72

  PROVISIONAL APIx = 104.72   (+4.72% against base)
  coverage: 34.8% of basket weight, 1 lead-time bucket(s)
  not published as headline: 35% of basket weight (needs 60%); 1 lead-time bucket(s) (needs 3)
  largest movers: DEL-BOM 107.5 (+7.5)   BOM-BLR 103.9 (+3.9)   DEL-BLR 101.6 (+1.6)

  * provisional — coverage below publication threshold

  cleaning report:
    nothing excluded — every cell met the observation, basket and plausibility rules

  wrote 4 day(s) to apix_daily

APIx — Airfare Price Index      base 2026-09-01 = 100
method: weighted Jevons on minimum logical fares, seat-weighted, min 3 obs/cell

  day              APIx   routes  cells     obs   by lead time
  2026-09-01     100.00 *      6     30    2040   T+1 100.0  T+7 100.0  T+15 100.0  T+30 100.0  T+45 100.0
  2026-09-02      83.53 *      6      6   15816   T+1 83.53
  2026-09-03      98.59 *      6     30   15718   T+1 97.3  T+7 98.63  T+15 101.32  T+30 99.06  T+45 96.69
  2026-09-04     104.72 *      3      3    6773   T+1 104.72

  PROVISIONAL APIx = 104.72   (+4.72% against base)
  coverage: 34.8% of basket weight, 1 lead-time bucket(s)
  not published as headline: 35% of basket weight (needs 60%); 1 lead-time bucket(s) (needs 3)
  largest movers: DEL-BOM 107.5 (+7.5)   BOM-BLR 103.9 (+3.9)   DEL-BLR 101.6 (+1.6)

  * provisional — coverage below publication threshold

  cleaning report:
    nothing excluded — every cell met the observation, basket and plausibility rules

  wrote 4 day(s) to apix_daily

APIx — Airfare Price Index      base 2026-09-01 = 100
method: weighted Jevons on minimum logical fares, seat-weighted, min 3 obs/cell

  day              APIx   routes  cells     obs   by lead time
  2026-09-01     100.00 *      6     30    2040   T+1 100.0  T+7 100.0  T+15 100.0  T+30 100.0  T+45 100.0
  2026-09-02      83.53 *      6      6   15816   T+1 83.53
  2026-09-03      98.59 *      6     30   15718   T+1 97.3  T+7 98.63  T+15 101.32  T+30 99.06  T+45 96.69
  2026-09-04     104.72 *      3      3    6881   T+1 104.72

  PROVISIONAL APIx = 104.72   (+4.72% against base)
  coverage: 34.8% of basket weight, 1 lead-time bucket(s)
  not published as headline: 35% of basket weight (needs 60%); 1 lead-time bucket(s) (needs 3)
  largest movers: DEL-BOM 107.5 (+7.5)   BOM-BLR 103.9 (+3.9)   DEL-BLR 101.6 (+1.6)

  * provisional — coverage below publication threshold

  cleaning report:
    nothing excluded — every cell met the observation, basket and plausibility rules

  wrote 4 day(s) to apix_daily

APIx — Airfare Price Index      base 2026-09-01 = 100
method: weighted Jevons on minimum logical fares, seat-weighted, min 3 obs/cell

  day              APIx   routes  cells     obs   by lead time
  2026-09-01     100.00 *      6     30    2040   T+1 100.0  T+7 100.0  T+15 100.0  T+30 100.0  T+45 100.0
  2026-09-02      83.53 *      6      6   15816   T+1 83.53
  2026-09-03      98.59 *      6     30   15718   T+1 97.3  T+7 98.63  T+15 101.32  T+30 99.06  T+45 96.69
  2026-09-04     104.72 *      3      3    6991   T+1 104.72

  PROVISIONAL APIx = 104.72   (+4.72% against base)
  coverage: 34.8% of basket weight, 1 lead-time bucket(s)
  not published as headline: 35% of basket weight (needs 60%); 1 lead-time bucket(s) (needs 3)
  largest movers: DEL-BOM 107.5 (+7.5)   BOM-BLR 103.9 (+3.9)   DEL-BLR 101.6 (+1.6)

  * provisional — coverage below publication threshold

  cleaning report:
    nothing excluded — every cell met the observation, basket and plausibility rules

  wrote 4 day(s) to apix_daily

APIx — Airfare Price Index      base 2026-09-01 = 100
method: weighted Jevons on minimum logical fares, seat-weighted, min 3 obs/cell

  day              APIx   routes  cells     obs   by lead time
  2026-09-01     100.00 *      6     30    2040   T+1 100.0  T+7 100.0  T+15 100.0  T+30 100.0  T+45 100.0
  2026-09-02      83.53 *      6      6   15816   T+1 83.53
  2026-09-03      98.59 *      6     30   15718   T+1 97.3  T+7 98.63  T+15 101.32  T+30 99.06  T+45 96.69
  2026-09-04     104.72 *      3      3    7103   T+1 104.72

  PROVISIONAL APIx = 104.72   (+4.72% against base)
  coverage: 34.8% of basket weight, 1 lead-time bucket(s)
  not published as headline: 35% of basket weight (needs 60%); 1 lead-time bucket(s) (needs 3)
  largest movers: DEL-BOM 107.5 (+7.5)   BOM-BLR 103.9 (+3.9)   DEL-BLR 101.6 (+1.6)

  * provisional — coverage below publication threshold

  cleaning report:
    nothing excluded — every cell met the observation, basket and plausibility rules

  wrote 4 day(s) to apix_daily

APIx — Airfare Price Index      base 2026-09-01 = 100
method: weighted Jevons on minimum logical fares, seat-weighted, min 3 obs/cell

  day              APIx   routes  cells     obs   by lead time
  2026-09-01     100.00 *      6     30    2040   T+1 100.0  T+7 100.0  T+15 100.0  T+30 100.0  T+45 100.0
  2026-09-02      83.53 *      6      6   15816   T+1 83.53
  2026-09-03      98.59 *      6     30   15718   T+1 97.3  T+7 98.63  T+15 101.32  T+30 99.06  T+45 96.69
  2026-09-04     104.72 *      3      3    7214   T+1 104.72

  PROVISIONAL APIx = 104.72   (+4.72% against base)
  coverage: 34.8% of basket weight, 1 lead-time bucket(s)
  not published as headline: 35% of basket weight (needs 60%); 1 lead-time bucket(s) (needs 3)
  largest movers: DEL-BOM 107.5 (+7.5)   BOM-BLR 103.9 (+3.9)   DEL-BLR 101.6 (+1.6)

  * provisional — coverage below publication threshold

  cleaning report:
    nothing excluded — every cell met the observation, basket and plausibility rules

  wrote 4 day(s) to apix_daily

APIx — Airfare Price Index      base 2026-09-01 = 100
method: weighted Jevons on minimum logical fares, seat-weighted, min 3 obs/cell

  day              APIx   routes  cells     obs   by lead time
  2026-09-01     100.00 *      6     30    2040   T+1 100.0  T+7 100.0  T+15 100.0  T+30 100.0  T+45 100.0
  2026-09-02      83.53 *      6      6   15816   T+1 83.53
  2026-09-03      98.59 *      6     30   15718   T+1 97.3  T+7 98.63  T+15 101.32  T+30 99.06  T+45 96.69
  2026-09-04     104.72 *      3      3    7322   T+1 104.72

  PROVISIONAL APIx = 104.72   (+4.72% against base)
  coverage: 34.8% of basket weight, 1 lead-time bucket(s)
  not published as headline: 35% of basket weight (needs 60%); 1 lead-time bucket(s) (needs 3)
  largest movers: DEL-BOM 107.5 (+7.5)   BOM-BLR 103.9 (+3.9)   DEL-BLR 101.6 (+1.6)

  * provisional — coverage below publication threshold

  cleaning report:
    nothing excluded — every cell met the observation, basket and plausibility rules

  wrote 4 day(s) to apix_daily

APIx — Airfare Price Index      base 2026-09-01 = 100
method: weighted Jevons on minimum logical fares, seat-weighted, min 3 obs/cell

  day              APIx   routes  cells     obs   by lead time
  2026-09-01     100.00 *      6     30    2040   T+1 100.0  T+7 100.0  T+15 100.0  T+30 100.0  T+45 100.0
  2026-09-02      83.53 *      6      6   15816   T+1 83.53
  2026-09-03      98.59 *      6     30   15718   T+1 97.3  T+7 98.63  T+15 101.32  T+30 99.06  T+45 96.69
  2026-09-04     104.72 *      3      3    7430   T+1 104.72

  PROVISIONAL APIx = 104.72   (+4.72% against base)
  coverage: 34.8% of basket weight, 1 lead-time bucket(s)
  not published as headline: 35% of basket weight (needs 60%); 1 lead-time bucket(s) (needs 3)
  largest movers: DEL-BOM 107.5 (+7.5)   BOM-BLR 103.9 (+3.9)   DEL-BLR 101.6 (+1.6)

  * provisional — coverage below publication threshold

  cleaning report:
    nothing excluded — every cell met the observation, basket and plausibility rules

  wrote 4 day(s) to apix_daily

APIx — Airfare Price Index      base 2026-09-01 = 100
method: weighted Jevons on minimum logical fares, seat-weighted, min 3 obs/cell

  day              APIx   routes  cells     obs   by lead time
  2026-09-01     100.00 *      6     30    2040   T+1 100.0  T+7 100.0  T+15 100.0  T+30 100.0  T+45 100.0
  2026-09-02      83.53 *      6      6   15816   T+1 83.53
  2026-09-03      98.59 *      6     30   15718   T+1 97.3  T+7 98.63  T+15 101.32  T+30 99.06  T+45 96.69
  2026-09-04     104.72 *      3      3    7537   T+1 104.72

  PROVISIONAL APIx = 104.72   (+4.72% against base)
  coverage: 34.8% of basket weight, 1 lead-time bucket(s)
  not published as headline: 35% of basket weight (needs 60%); 1 lead-time bucket(s) (needs 3)
  largest movers: DEL-BOM 107.5 (+7.5)   BOM-BLR 103.9 (+3.9)   DEL-BLR 101.6 (+1.6)

  * provisional — coverage below publication threshold

  cleaning report:
    nothing excluded — every cell met the observation, basket and plausibility rules

  wrote 4 day(s) to apix_daily

APIx — Airfare Price Index      base 2026-09-01 = 100
method: weighted Jevons on minimum logical fares, seat-weighted, min 3 obs/cell

  day              APIx   routes  cells     obs   by lead time
  2026-09-01     100.00 *      6     30    2040   T+1 100.0  T+7 100.0  T+15 100.0  T+30 100.0  T+45 100.0
  2026-09-02      83.53 *      6      6   15816   T+1 83.53
  2026-09-03      98.59 *      6     30   15718   T+1 97.3  T+7 98.63  T+15 101.32  T+30 99.06  T+45 96.69
  2026-09-04     104.72 *      3      3    7650   T+1 104.72

  PROVISIONAL APIx = 104.72   (+4.72% against base)
  coverage: 34.8% of basket weight, 1 lead-time bucket(s)
  not published as headline: 35% of basket weight (needs 60%); 1 lead-time bucket(s) (needs 3)
  largest movers: DEL-BOM 107.5 (+7.5)   BOM-BLR 103.9 (+3.9)   DEL-BLR 101.6 (+1.6)

  * provisional — coverage below publication threshold

  cleaning report:
    nothing excluded — every cell met the observation, basket and plausibility rules

  wrote 4 day(s) to apix_daily

APIx — Airfare Price Index      base 2026-09-01 = 100
method: weighted Jevons on minimum logical fares, seat-weighted, min 3 obs/cell

  day              APIx   routes  cells     obs   by lead time
  2026-09-01     100.00 *      6     30    2040   T+1 100.0  T+7 100.0  T+15 100.0  T+30 100.0  T+45 100.0
  2026-09-02      83.53 *      6      6   15816   T+1 83.53
  2026-09-03      98.59 *      6     30   15718   T+1 97.3  T+7 98.63  T+15 101.32  T+30 99.06  T+45 96.69
  2026-09-04     104.72 *      3      3    7764   T+1 104.72

  PROVISIONAL APIx = 104.72   (+4.72% against base)
  coverage: 34.8% of basket weight, 1 lead-time bucket(s)
  not published as headline: 35% of basket weight (needs 60%); 1 lead-time bucket(s) (needs 3)
  largest movers: DEL-BOM 107.5 (+7.5)   BOM-BLR 103.9 (+3.9)   DEL-BLR 101.6 (+1.6)

  * provisional — coverage below publication threshold

  cleaning report:
    nothing excluded — every cell met the observation, basket and plausibility rules

  wrote 4 day(s) to apix_daily

APIx — Airfare Price Index      base 2026-09-01 = 100
method: weighted Jevons on minimum logical fares, seat-weighted, min 3 obs/cell

  day              APIx   routes  cells     obs   by lead time
  2026-09-01     100.00 *      6     30    2040   T+1 100.0  T+7 100.0  T+15 100.0  T+30 100.0  T+45 100.0
  2026-09-02      83.53 *      6      6   15816   T+1 83.53
  2026-09-03      98.59 *      6     30   15718   T+1 97.3  T+7 98.63  T+15 101.32  T+30 99.06  T+45 96.69
  2026-09-04     104.72 *      3      3    7870   T+1 104.72

  PROVISIONAL APIx = 104.72   (+4.72% against base)
  coverage: 34.8% of basket weight, 1 lead-time bucket(s)
  not published as headline: 35% of basket weight (needs 60%); 1 lead-time bucket(s) (needs 3)
  largest movers: DEL-BOM 107.5 (+7.5)   BOM-BLR 103.9 (+3.9)   DEL-BLR 101.6 (+1.6)

  * provisional — coverage below publication threshold

  cleaning report:
    nothing excluded — every cell met the observation, basket and plausibility rules

  wrote 4 day(s) to apix_daily

APIx — Airfare Price Index      base 2026-09-01 = 100
method: weighted Jevons on minimum logical fares, seat-weighted, min 3 obs/cell

  day              APIx   routes  cells     obs   by lead time
  2026-09-01     100.00 *      6     30    2040   T+1 100.0  T+7 100.0  T+15 100.0  T+30 100.0  T+45 100.0
  2026-09-02      83.53 *      6      6   15816   T+1 83.53
  2026-09-03      98.59 *      6     30   15718   T+1 97.3  T+7 98.63  T+15 101.32  T+30 99.06  T+45 96.69
  2026-09-04     104.72 *      3      3    7980   T+1 104.72

  PROVISIONAL APIx = 104.72   (+4.72% against base)
  coverage: 34.8% of basket weight, 1 lead-time bucket(s)
  not published as headline: 35% of basket weight (needs 60%); 1 lead-time bucket(s) (needs 3)
  largest movers: DEL-BOM 107.5 (+7.5)   BOM-BLR 103.9 (+3.9)   DEL-BLR 101.6 (+1.6)

  * provisional — coverage below publication threshold

  cleaning report:
    nothing excluded — every cell met the observation, basket and plausibility rules

  wrote 4 day(s) to apix_daily

APIx — Airfare Price Index      base 2026-09-01 = 100
method: weighted Jevons on minimum logical fares, seat-weighted, min 3 obs/cell

  day              APIx   routes  cells     obs   by lead time
  2026-09-01     100.00 *      6     30    2040   T+1 100.0  T+7 100.0  T+15 100.0  T+30 100.0  T+45 100.0
  2026-09-02      83.53 *      6      6   15816   T+1 83.53
  2026-09-03      98.59 *      6     30   15718   T+1 97.3  T+7 98.63  T+15 101.32  T+30 99.06  T+45 96.69
  2026-09-04     104.72 *      3      3    8087   T+1 104.72

  PROVISIONAL APIx = 104.72   (+4.72% against base)
  coverage: 34.8% of basket weight, 1 lead-time bucket(s)
  not published as headline: 35% of basket weight (needs 60%); 1 lead-time bucket(s) (needs 3)
  largest movers: DEL-BOM 107.5 (+7.5)   BOM-BLR 103.9 (+3.9)   DEL-BLR 101.6 (+1.6)

  * provisional — coverage below publication threshold

  cleaning report:
    nothing excluded — every cell met the observation, basket and plausibility rules

  wrote 4 day(s) to apix_daily

APIx — Airfare Price Index      base 2026-09-01 = 100
method: weighted Jevons on minimum logical fares, seat-weighted, min 3 obs/cell

  day              APIx   routes  cells     obs   by lead time
  2026-09-01     100.00 *      6     30    2040   T+1 100.0  T+7 100.0  T+15 100.0  T+30 100.0  T+45 100.0
  2026-09-02      83.53 *      6      6   15816   T+1 83.53
  2026-09-03      98.59 *      6     30   15718   T+1 97.3  T+7 98.63  T+15 101.32  T+30 99.06  T+45 96.69
  2026-09-04     104.72 *      3      3    8196   T+1 104.72

  PROVISIONAL APIx = 104.72   (+4.72% against base)
  coverage: 34.8% of basket weight, 1 lead-time bucket(s)
  not published as headline: 35% of basket weight (needs 60%); 1 lead-time bucket(s) (needs 3)
  largest movers: DEL-BOM 107.5 (+7.5)   BOM-BLR 103.9 (+3.9)   DEL-BLR 101.6 (+1.6)

  * provisional — coverage below publication threshold

  cleaning report:
    nothing excluded — every cell met the observation, basket and plausibility rules

  wrote 4 day(s) to apix_daily

APIx — Airfare Price Index      base 2026-09-01 = 100
method: weighted Jevons on minimum logical fares, seat-weighted, min 3 obs/cell

  day              APIx   routes  cells     obs   by lead time
  2026-09-01     100.00 *      6     30    2040   T+1 100.0  T+7 100.0  T+15 100.0  T+30 100.0  T+45 100.0
  2026-09-02      83.53 *      6      6   15816   T+1 83.53
  2026-09-03      98.59 *      6     30   15718   T+1 97.3  T+7 98.63  T+15 101.32  T+30 99.06  T+45 96.69
  2026-09-04     104.72 *      3      3    8309   T+1 104.72

  PROVISIONAL APIx = 104.72   (+4.72% against base)
  coverage: 34.8% of basket weight, 1 lead-time bucket(s)
  not published as headline: 35% of basket weight (needs 60%); 1 lead-time bucket(s) (needs 3)
  largest movers: DEL-BOM 107.5 (+7.5)   BOM-BLR 103.9 (+3.9)   DEL-BLR 101.6 (+1.6)

  * provisional — coverage below publication threshold

  cleaning report:
    nothing excluded — every cell met the observation, basket and plausibility rules

  wrote 4 day(s) to apix_daily

APIx — Airfare Price Index      base 2026-09-01 = 100
method: weighted Jevons on minimum logical fares, seat-weighted, min 3 obs/cell

  day              APIx   routes  cells     obs   by lead time
  2026-09-01     100.00 *      6     30    2040   T+1 100.0  T+7 100.0  T+15 100.0  T+30 100.0  T+45 100.0
  2026-09-02      83.53 *      6      6   15816   T+1 83.53
  2026-09-03      98.59 *      6     30   15718   T+1 97.3  T+7 98.63  T+15 101.32  T+30 99.06  T+45 96.69
  2026-09-04     104.72 *      3      3    8419   T+1 104.72

  PROVISIONAL APIx = 104.72   (+4.72% against base)
  coverage: 34.8% of basket weight, 1 lead-time bucket(s)
  not published as headline: 35% of basket weight (needs 60%); 1 lead-time bucket(s) (needs 3)
  largest movers: DEL-BOM 107.5 (+7.5)   BOM-BLR 103.9 (+3.9)   DEL-BLR 101.6 (+1.6)

  * provisional — coverage below publication threshold

  cleaning report:
    nothing excluded — every cell met the observation, basket and plausibility rules

  wrote 4 day(s) to apix_daily

APIx — Airfare Price Index      base 2026-09-01 = 100
method: weighted Jevons on minimum logical fares, seat-weighted, min 3 obs/cell

  day              APIx   routes  cells     obs   by lead time
  2026-09-01     100.00 *      6     30    2040   T+1 100.0  T+7 100.0  T+15 100.0  T+30 100.0  T+45 100.0
  2026-09-02      83.53 *      6      6   15816   T+1 83.53
  2026-09-03      98.59 *      6     30   15718   T+1 97.3  T+7 98.63  T+15 101.32  T+30 99.06  T+45 96.69
  2026-09-04     104.72 *      3      3    8530   T+1 104.72

  PROVISIONAL APIx = 104.72   (+4.72% against base)
  coverage: 34.8% of basket weight, 1 lead-time bucket(s)
  not published as headline: 35% of basket weight (needs 60%); 1 lead-time bucket(s) (needs 3)
  largest movers: DEL-BOM 107.5 (+7.5)   BOM-BLR 103.9 (+3.9)   DEL-BLR 101.6 (+1.6)

  * provisional — coverage below publication threshold

  cleaning report:
    nothing excluded — every cell met the observation, basket and plausibility rules

  wrote 4 day(s) to apix_daily

APIx — Airfare Price Index      base 2026-09-01 = 100
method: weighted Jevons on minimum logical fares, seat-weighted, min 3 obs/cell

  day              APIx   routes  cells     obs   by lead time
  2026-09-01     100.00 *      6     30    2040   T+1 100.0  T+7 100.0  T+15 100.0  T+30 100.0  T+45 100.0
  2026-09-02      83.53 *      6      6   15816   T+1 83.53
  2026-09-03      98.59 *      6     30   15718   T+1 97.3  T+7 98.63  T+15 101.32  T+30 99.06  T+45 96.69
  2026-09-04     104.72 *      3      3    8641   T+1 104.72

  PROVISIONAL APIx = 104.72   (+4.72% against base)
  coverage: 34.8% of basket weight, 1 lead-time bucket(s)
  not published as headline: 35% of basket weight (needs 60%); 1 lead-time bucket(s) (needs 3)
  largest movers: DEL-BOM 107.5 (+7.5)   BOM-BLR 103.9 (+3.9)   DEL-BLR 101.6 (+1.6)

  * provisional — coverage below publication threshold

  cleaning report:
    nothing excluded — every cell met the observation, basket and plausibility rules

  wrote 4 day(s) to apix_daily

APIx — Airfare Price Index      base 2026-09-01 = 100
method: weighted Jevons on minimum logical fares, seat-weighted, min 3 obs/cell

  day              APIx   routes  cells     obs   by lead time
  2026-09-01     100.00 *      6     30    2040   T+1 100.0  T+7 100.0  T+15 100.0  T+30 100.0  T+45 100.0
  2026-09-02      83.53 *      6      6   15816   T+1 83.53
  2026-09-03      98.59 *      6     30   15718   T+1 97.3  T+7 98.63  T+15 101.32  T+30 99.06  T+45 96.69
  2026-09-04     104.72 *      3      3    8755   T+1 104.72

  PROVISIONAL APIx = 104.72   (+4.72% against base)
  coverage: 34.8% of basket weight, 1 lead-time bucket(s)
  not published as headline: 35% of basket weight (needs 60%); 1 lead-time bucket(s) (needs 3)
  largest movers: DEL-BOM 107.5 (+7.5)   BOM-BLR 103.9 (+3.9)   DEL-BLR 101.6 (+1.6)

  * provisional — coverage below publication threshold

  cleaning report:
    nothing excluded — every cell met the observation, basket and plausibility rules

  wrote 4 day(s) to apix_daily

APIx — Airfare Price Index      base 2026-09-01 = 100
method: weighted Jevons on minimum logical fares, seat-weighted, min 3 obs/cell

  day              APIx   routes  cells     obs   by lead time
  2026-09-01     100.00 *      6     30    2040   T+1 100.0  T+7 100.0  T+15 100.0  T+30 100.0  T+45 100.0
  2026-09-02      83.53 *      6      6   15816   T+1 83.53
  2026-09-03      98.59 *      6     30   15718   T+1 97.3  T+7 98.63  T+15 101.32  T+30 99.06  T+45 96.69
  2026-09-04     104.72 *      3      3    8866   T+1 104.72

  PROVISIONAL APIx = 104.72   (+4.72% against base)
  coverage: 34.8% of basket weight, 1 lead-time bucket(s)
  not published as headline: 35% of basket weight (needs 60%); 1 lead-time bucket(s) (needs 3)
  largest movers: DEL-BOM 107.5 (+7.5)   BOM-BLR 103.9 (+3.9)   DEL-BLR 101.6 (+1.6)

  * provisional — coverage below publication threshold

  cleaning report:
    nothing excluded — every cell met the observation, basket and plausibility rules

  wrote 4 day(s) to apix_daily

APIx — Airfare Price Index      base 2026-09-01 = 100
method: weighted Jevons on minimum logical fares, seat-weighted, min 3 obs/cell

  day              APIx   routes  cells     obs   by lead time
  2026-09-01     100.00 *      6     30    2040   T+1 100.0  T+7 100.0  T+15 100.0  T+30 100.0  T+45 100.0
  2026-09-02      83.53 *      6      6   15816   T+1 83.53
  2026-09-03      98.59 *      6     30   15718   T+1 97.3  T+7 98.63  T+15 101.32  T+30 99.06  T+45 96.69
  2026-09-04     104.72 *      3      3    8976   T+1 104.72

  PROVISIONAL APIx = 104.72   (+4.72% against base)
  coverage: 34.8% of basket weight, 1 lead-time bucket(s)
  not published as headline: 35% of basket weight (needs 60%); 1 lead-time bucket(s) (needs 3)
  largest movers: DEL-BOM 107.5 (+7.5)   BOM-BLR 103.9 (+3.9)   DEL-BLR 101.6 (+1.6)

  * provisional — coverage below publication threshold

  cleaning report:
    nothing excluded — every cell met the observation, basket and plausibility rules

  wrote 4 day(s) to apix_daily

APIx — Airfare Price Index      base 2026-09-01 = 100
method: weighted Jevons on minimum logical fares, seat-weighted, min 3 obs/cell

  day              APIx   routes  cells     obs   by lead time
  2026-09-01     100.00 *      6     30    2040   T+1 100.0  T+7 100.0  T+15 100.0  T+30 100.0  T+45 100.0
  2026-09-02      83.53 *      6      6   15816   T+1 83.53
  2026-09-03      98.59 *      6     30   15718   T+1 97.3  T+7 98.63  T+15 101.32  T+30 99.06  T+45 96.69
  2026-09-04     104.72 *      3      3    9091   T+1 104.72

  PROVISIONAL APIx = 104.72   (+4.72% against base)
  coverage: 34.8% of basket weight, 1 lead-time bucket(s)
  not published as headline: 35% of basket weight (needs 60%); 1 lead-time bucket(s) (needs 3)
  largest movers: DEL-BOM 107.5 (+7.5)   BOM-BLR 103.9 (+3.9)   DEL-BLR 101.6 (+1.6)

  * provisional — coverage below publication threshold

  cleaning report:
    nothing excluded — every cell met the observation, basket and plausibility rules

  wrote 4 day(s) to apix_daily

APIx — Airfare Price Index      base 2026-09-01 = 100
method: weighted Jevons on minimum logical fares, seat-weighted, min 3 obs/cell

  day              APIx   routes  cells     obs   by lead time
  2026-09-01     100.00 *      6     30    2040   T+1 100.0  T+7 100.0  T+15 100.0  T+30 100.0  T+45 100.0
  2026-09-02      83.53 *      6      6   15816   T+1 83.53
  2026-09-03      98.59 *      6     30   15718   T+1 97.3  T+7 98.63  T+15 101.32  T+30 99.06  T+45 96.69
  2026-09-04     104.72 *      3      3    9205   T+1 104.72

  PROVISIONAL APIx = 104.72   (+4.72% against base)
  coverage: 34.8% of basket weight, 1 lead-time bucket(s)
  not published as headline: 35% of basket weight (needs 60%); 1 lead-time bucket(s) (needs 3)
  largest movers: DEL-BOM 107.5 (+7.5)   BOM-BLR 103.9 (+3.9)   DEL-BLR 101.6 (+1.6)

  * provisional — coverage below publication threshold

  cleaning report:
    nothing excluded — every cell met the observation, basket and plausibility rules

  wrote 4 day(s) to apix_daily

APIx — Airfare Price Index      base 2026-09-01 = 100
method: weighted Jevons on minimum logical fares, seat-weighted, min 3 obs/cell

  day              APIx   routes  cells     obs   by lead time
  2026-09-01     100.00 *      6     30    2040   T+1 100.0  T+7 100.0  T+15 100.0  T+30 100.0  T+45 100.0
  2026-09-02      83.53 *      6      6   15816   T+1 83.53
  2026-09-03      98.59 *      6     30   15718   T+1 97.3  T+7 98.63  T+15 101.32  T+30 99.06  T+45 96.69
  2026-09-04     104.72 *      3      3    9314   T+1 104.72

  PROVISIONAL APIx = 104.72   (+4.72% against base)
  coverage: 34.8% of basket weight, 1 lead-time bucket(s)
  not published as headline: 35% of basket weight (needs 60%); 1 lead-time bucket(s) (needs 3)
  largest movers: DEL-BOM 107.5 (+7.5)   BOM-BLR 103.9 (+3.9)   DEL-BLR 101.6 (+1.6)

  * provisional — coverage below publication threshold

  cleaning report:
    nothing excluded — every cell met the observation, basket and plausibility rules

  wrote 4 day(s) to apix_daily

APIx — Airfare Price Index      base 2026-09-01 = 100
method: weighted Jevons on minimum logical fares, seat-weighted, min 3 obs/cell

  day              APIx   routes  cells     obs   by lead time
  2026-09-01     100.00 *      6     30    2040   T+1 100.0  T+7 100.0  T+15 100.0  T+30 100.0  T+45 100.0
  2026-09-02      83.53 *      6      6   15816   T+1 83.53
  2026-09-03      98.59 *      6     30   15718   T+1 97.3  T+7 98.63  T+15 101.32  T+30 99.06  T+45 96.69
  2026-09-04     104.72 *      3      3    9423   T+1 104.72

  PROVISIONAL APIx = 104.72   (+4.72% against base)
  coverage: 34.8% of basket weight, 1 lead-time bucket(s)
  not published as headline: 35% of basket weight (needs 60%); 1 lead-time bucket(s) (needs 3)
  largest movers: DEL-BOM 107.5 (+7.5)   BOM-BLR 103.9 (+3.9)   DEL-BLR 101.6 (+1.6)

  * provisional — coverage below publication threshold

  cleaning report:
    nothing excluded — every cell met the observation, basket and plausibility rules

  wrote 4 day(s) to apix_daily

APIx — Airfare Price Index      base 2026-09-01 = 100
method: weighted Jevons on minimum logical fares, seat-weighted, min 3 obs/cell

  day              APIx   routes  cells     obs   by lead time
  2026-09-01     100.00 *      6     30    2040   T+1 100.0  T+7 100.0  T+15 100.0  T+30 100.0  T+45 100.0
  2026-09-02      83.53 *      6      6   15816   T+1 83.53
  2026-09-03      98.59 *      6     30   15718   T+1 97.3  T+7 98.63  T+15 101.32  T+30 99.06  T+45 96.69
  2026-09-04     104.72 *      3      3    9533   T+1 104.72

  PROVISIONAL APIx = 104.72   (+4.72% against base)
  coverage: 34.8% of basket weight, 1 lead-time bucket(s)
  not published as headline: 35% of basket weight (needs 60%); 1 lead-time bucket(s) (needs 3)
  largest movers: DEL-BOM 107.5 (+7.5)   BOM-BLR 103.9 (+3.9)   DEL-BLR 101.6 (+1.6)

  * provisional — coverage below publication threshold

  cleaning report:
    nothing excluded — every cell met the observation, basket and plausibility rules

  wrote 4 day(s) to apix_daily

APIx — Airfare Price Index      base 2026-09-01 = 100
method: weighted Jevons on minimum logical fares, seat-weighted, min 3 obs/cell

  day              APIx   routes  cells     obs   by lead time
  2026-09-01     100.00 *      6     30    2040   T+1 100.0  T+7 100.0  T+15 100.0  T+30 100.0  T+45 100.0
  2026-09-02      83.53 *      6      6   15816   T+1 83.53
  2026-09-03      98.59 *      6     30   15718   T+1 97.3  T+7 98.63  T+15 101.32  T+30 99.06  T+45 96.69
  2026-09-04     104.72 *      3      3    9644   T+1 104.72

  PROVISIONAL APIx = 104.72   (+4.72% against base)
  coverage: 34.8% of basket weight, 1 lead-time bucket(s)
  not published as headline: 35% of basket weight (needs 60%); 1 lead-time bucket(s) (needs 3)
  largest movers: DEL-BOM 107.5 (+7.5)   BOM-BLR 103.9 (+3.9)   DEL-BLR 101.6 (+1.6)

  * provisional — coverage below publication threshold

  cleaning report:
    nothing excluded — every cell met the observation, basket and plausibility rules

  wrote 4 day(s) to apix_daily

APIx — Airfare Price Index      base 2026-09-01 = 100
method: weighted Jevons on minimum logical fares, seat-weighted, min 3 obs/cell

  day              APIx   routes  cells     obs   by lead time
  2026-09-01     100.00 *      6     30    2040   T+1 100.0  T+7 100.0  T+15 100.0  T+30 100.0  T+45 100.0
  2026-09-02      83.53 *      6      6   15816   T+1 83.53
  2026-09-03      98.59 *      6     30   15718   T+1 97.3  T+7 98.63  T+15 101.32  T+30 99.06  T+45 96.69
  2026-09-04     104.72 *      3      3    9753   T+1 104.72

  PROVISIONAL APIx = 104.72   (+4.72% against base)
  coverage: 34.8% of basket weight, 1 lead-time bucket(s)
  not published as headline: 35% of basket weight (needs 60%); 1 lead-time bucket(s) (needs 3)
  largest movers: DEL-BOM 107.5 (+7.5)   BOM-BLR 103.9 (+3.9)   DEL-BLR 101.6 (+1.6)

  * provisional — coverage below publication threshold

  cleaning report:
    nothing excluded — every cell met the observation, basket and plausibility rules

  wrote 4 day(s) to apix_daily

APIx — Airfare Price Index      base 2026-09-01 = 100
method: weighted Jevons on minimum logical fares, seat-weighted, min 3 obs/cell

  day              APIx   routes  cells     obs   by lead time
  2026-09-01     100.00 *      6     30    2040   T+1 100.0  T+7 100.0  T+15 100.0  T+30 100.0  T+45 100.0
  2026-09-02      83.53 *      6      6   15816   T+1 83.53
  2026-09-03      98.59 *      6     30   15718   T+1 97.3  T+7 98.63  T+15 101.32  T+30 99.06  T+45 96.69
  2026-09-04     104.72 *      3      3    9862   T+1 104.72

  PROVISIONAL APIx = 104.72   (+4.72% against base)
  coverage: 34.8% of basket weight, 1 lead-time bucket(s)
  not published as headline: 35% of basket weight (needs 60%); 1 lead-time bucket(s) (needs 3)
  largest movers: DEL-BOM 107.5 (+7.5)   BOM-BLR 103.9 (+3.9)   DEL-BLR 101.6 (+1.6)

  * provisional — coverage below publication threshold

  cleaning report:
    nothing excluded — every cell met the observation, basket and plausibility rules

  wrote 4 day(s) to apix_daily

APIx — Airfare Price Index      base 2026-09-01 = 100
method: weighted Jevons on minimum logical fares, seat-weighted, min 3 obs/cell

  day              APIx   routes  cells     obs   by lead time
  2026-09-01     100.00 *      6     30    2040   T+1 100.0  T+7 100.0  T+15 100.0  T+30 100.0  T+45 100.0
  2026-09-02      83.53 *      6      6   15816   T+1 83.53
  2026-09-03      98.59 *      6     30   15718   T+1 97.3  T+7 98.63  T+15 101.32  T+30 99.06  T+45 96.69
  2026-09-04     104.72 *      3      3    9972   T+1 104.72

  PROVISIONAL APIx = 104.72   (+4.72% against base)
  coverage: 34.8% of basket weight, 1 lead-time bucket(s)
  not published as headline: 35% of basket weight (needs 60%); 1 lead-time bucket(s) (needs 3)
  largest movers: DEL-BOM 107.5 (+7.5)   BOM-BLR 103.9 (+3.9)   DEL-BLR 101.6 (+1.6)

  * provisional — coverage below publication threshold

  cleaning report:
    nothing excluded — every cell met the observation, basket and plausibility rules

  wrote 4 day(s) to apix_daily

APIx — Airfare Price Index      base 2026-09-01 = 100
method: weighted Jevons on minimum logical fares, seat-weighted, min 3 obs/cell

  day              APIx   routes  cells     obs   by lead time
  2026-09-01     100.00 *      6     30    2040   T+1 100.0  T+7 100.0  T+15 100.0  T+30 100.0  T+45 100.0
  2026-09-02      83.53 *      6      6   15816   T+1 83.53
  2026-09-03      98.59 *      6     30   15718   T+1 97.3  T+7 98.63  T+15 101.32  T+30 99.06  T+45 96.69
  2026-09-04     104.72 *      3      3   10081   T+1 104.72

  PROVISIONAL APIx = 104.72   (+4.72% against base)
  coverage: 34.8% of basket weight, 1 lead-time bucket(s)
  not published as headline: 35% of basket weight (needs 60%); 1 lead-time bucket(s) (needs 3)
  largest movers: DEL-BOM 107.5 (+7.5)   BOM-BLR 103.9 (+3.9)   DEL-BLR 101.6 (+1.6)

  * provisional — coverage below publication threshold

  cleaning report:
    nothing excluded — every cell met the observation, basket and plausibility rules

  wrote 4 day(s) to apix_daily

APIx — Airfare Price Index      base 2026-09-01 = 100
method: weighted Jevons on minimum logical fares, seat-weighted, min 3 obs/cell

  day              APIx   routes  cells     obs   by lead time
  2026-09-01     100.00 *      6     30    2040   T+1 100.0  T+7 100.0  T+15 100.0  T+30 100.0  T+45 100.0
  2026-09-02      83.53 *      6      6   15816   T+1 83.53
  2026-09-03      98.59 *      6     30   15718   T+1 97.3  T+7 98.63  T+15 101.32  T+30 99.06  T+45 96.69
  2026-09-04     104.72 *      3      3   10195   T+1 104.72

  PROVISIONAL APIx = 104.72   (+4.72% against base)
  coverage: 34.8% of basket weight, 1 lead-time bucket(s)
  not published as headline: 35% of basket weight (needs 60%); 1 lead-time bucket(s) (needs 3)
  largest movers: DEL-BOM 107.5 (+7.5)   BOM-BLR 103.9 (+3.9)   DEL-BLR 101.6 (+1.6)

  * provisional — coverage below publication threshold

  cleaning report:
    nothing excluded — every cell met the observation, basket and plausibility rules

  wrote 4 day(s) to apix_daily

APIx — Airfare Price Index      base 2026-09-01 = 100
method: weighted Jevons on minimum logical fares, seat-weighted, min 3 obs/cell

  day              APIx   routes  cells     obs   by lead time
  2026-09-01     100.00 *      6     30    2040   T+1 100.0  T+7 100.0  T+15 100.0  T+30 100.0  T+45 100.0
  2026-09-02      83.53 *      6      6   15816   T+1 83.53
  2026-09-03      98.59 *      6     30   15718   T+1 97.3  T+7 98.63  T+15 101.32  T+30 99.06  T+45 96.69
  2026-09-04     104.72 *      3      3   10308   T+1 104.72

  PROVISIONAL APIx = 104.72   (+4.72% against base)
  coverage: 34.8% of basket weight, 1 lead-time bucket(s)
  not published as headline: 35% of basket weight (needs 60%); 1 lead-time bucket(s) (needs 3)
  largest movers: DEL-BOM 107.5 (+7.5)   BOM-BLR 103.9 (+3.9)   DEL-BLR 101.6 (+1.6)

  * provisional — coverage below publication threshold

  cleaning report:
    nothing excluded — every cell met the observation, basket and plausibility rules

  wrote 4 day(s) to apix_daily

APIx — Airfare Price Index      base 2026-09-01 = 100
method: weighted Jevons on minimum logical fares, seat-weighted, min 3 obs/cell

  day              APIx   routes  cells     obs   by lead time
  2026-09-01     100.00 *      6     30    2040   T+1 100.0  T+7 100.0  T+15 100.0  T+30 100.0  T+45 100.0
  2026-09-02      83.53 *      6      6   15816   T+1 83.53
  2026-09-03      98.59 *      6     30   15718   T+1 97.3  T+7 98.63  T+15 101.32  T+30 99.06  T+45 96.69
  2026-09-04     104.72 *      3      3   10420   T+1 104.72

  PROVISIONAL APIx = 104.72   (+4.72% against base)
  coverage: 34.8% of basket weight, 1 lead-time bucket(s)
  not published as headline: 35% of basket weight (needs 60%); 1 lead-time bucket(s) (needs 3)
  largest movers: DEL-BOM 107.5 (+7.5)   BOM-BLR 103.9 (+3.9)   DEL-BLR 101.6 (+1.6)

  * provisional — coverage below publication threshold

  cleaning report:
    nothing excluded — every cell met the observation, basket and plausibility rules

  wrote 4 day(s) to apix_daily

APIx — Airfare Price Index      base 2026-09-01 = 100
method: weighted Jevons on minimum logical fares, seat-weighted, min 3 obs/cell

  day              APIx   routes  cells     obs   by lead time
  2026-09-01     100.00 *      6     30    2040   T+1 100.0  T+7 100.0  T+15 100.0  T+30 100.0  T+45 100.0
  2026-09-02      83.53 *      6      6   15816   T+1 83.53
  2026-09-03      98.59 *      6     30   15718   T+1 97.3  T+7 98.63  T+15 101.32  T+30 99.06  T+45 96.69
  2026-09-04     104.72 *      3      3   10531   T+1 104.72

  PROVISIONAL APIx = 104.72   (+4.72% against base)
  coverage: 34.8% of basket weight, 1 lead-time bucket(s)
  not published as headline: 35% of basket weight (needs 60%); 1 lead-time bucket(s) (needs 3)
  largest movers: DEL-BOM 107.5 (+7.5)   BOM-BLR 103.9 (+3.9)   DEL-BLR 101.6 (+1.6)

  * provisional — coverage below publication threshold

  cleaning report:
    nothing excluded — every cell met the observation, basket and plausibility rules

  wrote 4 day(s) to apix_daily

APIx — Airfare Price Index      base 2026-09-01 = 100
method: weighted Jevons on minimum logical fares, seat-weighted, min 3 obs/cell

  day              APIx   routes  cells     obs   by lead time
  2026-09-01     100.00 *      6     30    2040   T+1 100.0  T+7 100.0  T+15 100.0  T+30 100.0  T+45 100.0
  2026-09-02      83.53 *      6      6   15816   T+1 83.53
  2026-09-03      98.59 *      6     30   15718   T+1 97.3  T+7 98.63  T+15 101.32  T+30 99.06  T+45 96.69
  2026-09-04     104.72 *      3      3   10642   T+1 104.72

  PROVISIONAL APIx = 104.72   (+4.72% against base)
  coverage: 34.8% of basket weight, 1 lead-time bucket(s)
  not published as headline: 35% of basket weight (needs 60%); 1 lead-time bucket(s) (needs 3)
  largest movers: DEL-BOM 107.5 (+7.5)   BOM-BLR 103.9 (+3.9)   DEL-BLR 101.6 (+1.6)

  * provisional — coverage below publication threshold

  cleaning report:
    nothing excluded — every cell met the observation, basket and plausibility rules

  wrote 4 day(s) to apix_daily

APIx — Airfare Price Index      base 2026-09-01 = 100
method: weighted Jevons on minimum logical fares, seat-weighted, min 3 obs/cell

  day              APIx   routes  cells     obs   by lead time
  2026-09-01     100.00 *      6     30    2040   T+1 100.0  T+7 100.0  T+15 100.0  T+30 100.0  T+45 100.0
  2026-09-02      83.53 *      6      6   15816   T+1 83.53
  2026-09-03      98.59 *      6     30   15718   T+1 97.3  T+7 98.63  T+15 101.32  T+30 99.06  T+45 96.69
  2026-09-04     104.72 *      3      3   10745   T+1 104.72

  PROVISIONAL APIx = 104.72   (+4.72% against base)
  coverage: 34.8% of basket weight, 1 lead-time bucket(s)
  not published as headline: 35% of basket weight (needs 60%); 1 lead-time bucket(s) (needs 3)
  largest movers: DEL-BOM 107.5 (+7.5)   BOM-BLR 103.9 (+3.9)   DEL-BLR 101.6 (+1.6)

  * provisional — coverage below publication threshold

  cleaning report:
    nothing excluded — every cell met the observation, basket and plausibility rules

  wrote 4 day(s) to apix_daily

APIx — Airfare Price Index      base 2026-09-01 = 100
method: weighted Jevons on minimum logical fares, seat-weighted, min 3 obs/cell

  day              APIx   routes  cells     obs   by lead time
  2026-09-01     100.00 *      6     30    2040   T+1 100.0  T+7 100.0  T+15 100.0  T+30 100.0  T+45 100.0
  2026-09-02      83.53 *      6      6   15816   T+1 83.53
  2026-09-03      98.59 *      6     30   15718   T+1 97.3  T+7 98.63  T+15 101.32  T+30 99.06  T+45 96.69
  2026-09-04     104.72 *      3      3   10855   T+1 104.72

  PROVISIONAL APIx = 104.72   (+4.72% against base)
  coverage: 34.8% of basket weight, 1 lead-time bucket(s)
  not published as headline: 35% of basket weight (needs 60%); 1 lead-time bucket(s) (needs 3)
  largest movers: DEL-BOM 107.5 (+7.5)   BOM-BLR 103.9 (+3.9)   DEL-BLR 101.6 (+1.6)

  * provisional — coverage below publication threshold

  cleaning report:
    nothing excluded — every cell met the observation, basket and plausibility rules

  wrote 4 day(s) to apix_daily

APIx — Airfare Price Index      base 2026-09-01 = 100
method: weighted Jevons on minimum logical fares, seat-weighted, min 3 obs/cell

  day              APIx   routes  cells     obs   by lead time
  2026-09-01     100.00 *      6     30    2040   T+1 100.0  T+7 100.0  T+15 100.0  T+30 100.0  T+45 100.0
  2026-09-02      83.53 *      6      6   15816   T+1 83.53
  2026-09-03      98.59 *      6     30   15718   T+1 97.3  T+7 98.63  T+15 101.32  T+30 99.06  T+45 96.69
  2026-09-04      96.64 *      3      3   10965   T+1 96.64

  PROVISIONAL APIx = 96.64   (-3.36% against base)
  coverage: 34.8% of basket weight, 1 lead-time bucket(s)
  not published as headline: 35% of basket weight (needs 60%); 1 lead-time bucket(s) (needs 3)
  largest movers: DEL-BLR 78.1 (-21.9)   DEL-BOM 107.5 (+7.5)   BOM-BLR 103.9 (+3.9)

  * provisional — coverage below publication threshold

  cleaning report:
    nothing excluded — every cell met the observation, basket and plausibility rules
  recorded 1 revision(s)

  wrote 4 day(s) to apix_daily

APIx — Airfare Price Index      base 2026-09-01 = 100
method: weighted Jevons on minimum logical fares, seat-weighted, min 3 obs/cell

  day              APIx   routes  cells     obs   by lead time
  2026-09-01     100.00 *      6     30    2040   T+1 100.0  T+7 100.0  T+15 100.0  T+30 100.0  T+45 100.0
  2026-09-02      83.53 *      6      6   15816   T+1 83.53
  2026-09-03      98.59 *      6     30   15718   T+1 97.3  T+7 98.63  T+15 101.32  T+30 99.06  T+45 96.69
  2026-09-04      96.64 *      3      3   11077   T+1 96.64

  PROVISIONAL APIx = 96.64   (-3.36% against base)
  coverage: 34.8% of basket weight, 1 lead-time bucket(s)
  not published as headline: 35% of basket weight (needs 60%); 1 lead-time bucket(s) (needs 3)
  largest movers: DEL-BLR 78.1 (-21.9)   DEL-BOM 107.5 (+7.5)   BOM-BLR 103.9 (+3.9)

  * provisional — coverage below publication threshold

  cleaning report:
    nothing excluded — every cell met the observation, basket and plausibility rules

  wrote 4 day(s) to apix_daily

APIx — Airfare Price Index      base 2026-09-01 = 100
method: weighted Jevons on minimum logical fares, seat-weighted, min 3 obs/cell

  day              APIx   routes  cells     obs   by lead time
  2026-09-01     100.00 *      6     30    2040   T+1 100.0  T+7 100.0  T+15 100.0  T+30 100.0  T+45 100.0
  2026-09-02      83.53 *      6      6   15816   T+1 83.53
  2026-09-03      98.59 *      6     30   15718   T+1 97.3  T+7 98.63  T+15 101.32  T+30 99.06  T+45 96.69
  2026-09-04      96.64 *      3      3   11186   T+1 96.64

  PROVISIONAL APIx = 96.64   (-3.36% against base)
  coverage: 34.8% of basket weight, 1 lead-time bucket(s)
  not published as headline: 35% of basket weight (needs 60%); 1 lead-time bucket(s) (needs 3)
  largest movers: DEL-BLR 78.1 (-21.9)   DEL-BOM 107.5 (+7.5)   BOM-BLR 103.9 (+3.9)

  * provisional — coverage below publication threshold

  cleaning report:
    nothing excluded — every cell met the observation, basket and plausibility rules

  wrote 4 day(s) to apix_daily

APIx — Airfare Price Index      base 2026-09-01 = 100
method: weighted Jevons on minimum logical fares, seat-weighted, min 3 obs/cell

  day              APIx   routes  cells     obs   by lead time
  2026-09-01     100.00 *      6     30    2040   T+1 100.0  T+7 100.0  T+15 100.0  T+30 100.0  T+45 100.0
  2026-09-02      83.53 *      6      6   15816   T+1 83.53
  2026-09-03      98.59 *      6     30   15718   T+1 97.3  T+7 98.63  T+15 101.32  T+30 99.06  T+45 96.69
  2026-09-04      96.64 *      3      3   11295   T+1 96.64

  PROVISIONAL APIx = 96.64   (-3.36% against base)
  coverage: 34.8% of basket weight, 1 lead-time bucket(s)
  not published as headline: 35% of basket weight (needs 60%); 1 lead-time bucket(s) (needs 3)
  largest movers: DEL-BLR 78.1 (-21.9)   DEL-BOM 107.5 (+7.5)   BOM-BLR 103.9 (+3.9)

  * provisional — coverage below publication threshold

  cleaning report:
    nothing excluded — every cell met the observation, basket and plausibility rules

  wrote 4 day(s) to apix_daily

APIx — Airfare Price Index      base 2026-09-01 = 100
method: weighted Jevons on minimum logical fares, seat-weighted, min 3 obs/cell

  day              APIx   routes  cells     obs   by lead time
  2026-09-01     100.00 *      6     30    2040   T+1 100.0  T+7 100.0  T+15 100.0  T+30 100.0  T+45 100.0
  2026-09-02      83.53 *      6      6   15816   T+1 83.53
  2026-09-03      98.59 *      6     30   15718   T+1 97.3  T+7 98.63  T+15 101.32  T+30 99.06  T+45 96.69
  2026-09-04      96.64 *      3      3   11406   T+1 96.64

  PROVISIONAL APIx = 96.64   (-3.36% against base)
  coverage: 34.8% of basket weight, 1 lead-time bucket(s)
  not published as headline: 35% of basket weight (needs 60%); 1 lead-time bucket(s) (needs 3)
  largest movers: DEL-BLR 78.1 (-21.9)   DEL-BOM 107.5 (+7.5)   BOM-BLR 103.9 (+3.9)

  * provisional — coverage below publication threshold

  cleaning report:
    nothing excluded — every cell met the observation, basket and plausibility rules

  wrote 4 day(s) to apix_daily

APIx — Airfare Price Index      base 2026-09-01 = 100
method: weighted Jevons on minimum logical fares, seat-weighted, min 3 obs/cell

  day              APIx   routes  cells     obs   by lead time
  2026-09-01     100.00 *      6     30    2040   T+1 100.0  T+7 100.0  T+15 100.0  T+30 100.0  T+45 100.0
  2026-09-02      83.53 *      6      6   15816   T+1 83.53
  2026-09-03      98.59 *      6     30   15718   T+1 97.3  T+7 98.63  T+15 101.32  T+30 99.06  T+45 96.69
  2026-09-04      96.64 *      3      3   11517   T+1 96.64

  PROVISIONAL APIx = 96.64   (-3.36% against base)
  coverage: 34.8% of basket weight, 1 lead-time bucket(s)
  not published as headline: 35% of basket weight (needs 60%); 1 lead-time bucket(s) (needs 3)
  largest movers: DEL-BLR 78.1 (-21.9)   DEL-BOM 107.5 (+7.5)   BOM-BLR 103.9 (+3.9)

  * provisional — coverage below publication threshold

  cleaning report:
    nothing excluded — every cell met the observation, basket and plausibility rules

  wrote 4 day(s) to apix_daily

APIx — Airfare Price Index      base 2026-09-01 = 100
method: weighted Jevons on minimum logical fares, seat-weighted, min 3 obs/cell

  day              APIx   routes  cells     obs   by lead time
  2026-09-01     100.00 *      6     30    2040   T+1 100.0  T+7 100.0  T+15 100.0  T+30 100.0  T+45 100.0
  2026-09-02      83.53 *      6      6   15816   T+1 83.53
  2026-09-03      98.59 *      6     30   15718   T+1 97.3  T+7 98.63  T+15 101.32  T+30 99.06  T+45 96.69
  2026-09-04      96.64 *      3      3   11628   T+1 96.64

  PROVISIONAL APIx = 96.64   (-3.36% against base)
  coverage: 34.8% of basket weight, 1 lead-time bucket(s)
  not published as headline: 35% of basket weight (needs 60%); 1 lead-time bucket(s) (needs 3)
  largest movers: DEL-BLR 78.1 (-21.9)   DEL-BOM 107.5 (+7.5)   BOM-BLR 103.9 (+3.9)

  * provisional — coverage below publication threshold

  cleaning report:
    nothing excluded — every cell met the observation, basket and plausibility rules

  wrote 4 day(s) to apix_daily

APIx — Airfare Price Index      base 2026-09-01 = 100
method: weighted Jevons on minimum logical fares, seat-weighted, min 3 obs/cell

  day              APIx   routes  cells     obs   by lead time
  2026-09-01     100.00 *      6     30    2040   T+1 100.0  T+7 100.0  T+15 100.0  T+30 100.0  T+45 100.0
  2026-09-02      83.53 *      6      6   15816   T+1 83.53
  2026-09-03      98.59 *      6     30   15718   T+1 97.3  T+7 98.63  T+15 101.32  T+30 99.06  T+45 96.69
  2026-09-04      96.64 *      3      3   11736   T+1 96.64

  PROVISIONAL APIx = 96.64   (-3.36% against base)
  coverage: 34.8% of basket weight, 1 lead-time bucket(s)
  not published as headline: 35% of basket weight (needs 60%); 1 lead-time bucket(s) (needs 3)
  largest movers: DEL-BLR 78.1 (-21.9)   DEL-BOM 107.5 (+7.5)   BOM-BLR 103.9 (+3.9)

  * provisional — coverage below publication threshold

  cleaning report:
    nothing excluded — every cell met the observation, basket and plausibility rules

  wrote 4 day(s) to apix_daily

APIx — Airfare Price Index      base 2026-09-01 = 100
method: weighted Jevons on minimum logical fares, seat-weighted, min 3 obs/cell

  day              APIx   routes  cells     obs   by lead time
  2026-09-01     100.00 *      6     30    2040   T+1 100.0  T+7 100.0  T+15 100.0  T+30 100.0  T+45 100.0
  2026-09-02      83.53 *      6      6   15816   T+1 83.53
  2026-09-03      98.59 *      6     30   15718   T+1 97.3  T+7 98.63  T+15 101.32  T+30 99.06  T+45 96.69
  2026-09-04      96.64 *      3      3   11849   T+1 96.64

  PROVISIONAL APIx = 96.64   (-3.36% against base)
  coverage: 34.8% of basket weight, 1 lead-time bucket(s)
  not published as headline: 35% of basket weight (needs 60%); 1 lead-time bucket(s) (needs 3)
  largest movers: DEL-BLR 78.1 (-21.9)   DEL-BOM 107.5 (+7.5)   BOM-BLR 103.9 (+3.9)

  * provisional — coverage below publication threshold

  cleaning report:
    nothing excluded — every cell met the observation, basket and plausibility rules

  wrote 4 day(s) to apix_daily

APIx — Airfare Price Index      base 2026-09-01 = 100
method: weighted Jevons on minimum logical fares, seat-weighted, min 3 obs/cell

  day              APIx   routes  cells     obs   by lead time
  2026-09-01     100.00 *      6     30    2040   T+1 100.0  T+7 100.0  T+15 100.0  T+30 100.0  T+45 100.0
  2026-09-02      83.53 *      6      6   15816   T+1 83.53
  2026-09-03      98.59 *      6     30   15718   T+1 97.3  T+7 98.63  T+15 101.32  T+30 99.06  T+45 96.69
  2026-09-04      96.64 *      3      3   11961   T+1 96.64

  PROVISIONAL APIx = 96.64   (-3.36% against base)
  coverage: 34.8% of basket weight, 1 lead-time bucket(s)
  not published as headline: 35% of basket weight (needs 60%); 1 lead-time bucket(s) (needs 3)
  largest movers: DEL-BLR 78.1 (-21.9)   DEL-BOM 107.5 (+7.5)   BOM-BLR 103.9 (+3.9)

  * provisional — coverage below publication threshold

  cleaning report:
    nothing excluded — every cell met the observation, basket and plausibility rules

  wrote 4 day(s) to apix_daily

APIx — Airfare Price Index      base 2026-09-01 = 100
method: weighted Jevons on minimum logical fares, seat-weighted, min 3 obs/cell

  day              APIx   routes  cells     obs   by lead time
  2026-09-01     100.00 *      6     30    2040   T+1 100.0  T+7 100.0  T+15 100.0  T+30 100.0  T+45 100.0
  2026-09-02      83.53 *      6      6   15816   T+1 83.53
  2026-09-03      98.59 *      6     30   15718   T+1 97.3  T+7 98.63  T+15 101.32  T+30 99.06  T+45 96.69
  2026-09-04      96.64 *      3      3   12077   T+1 96.64

  PROVISIONAL APIx = 96.64   (-3.36% against base)
  coverage: 34.8% of basket weight, 1 lead-time bucket(s)
  not published as headline: 35% of basket weight (needs 60%); 1 lead-time bucket(s) (needs 3)
  largest movers: DEL-BLR 78.1 (-21.9)   DEL-BOM 107.5 (+7.5)   BOM-BLR 103.9 (+3.9)

  * provisional — coverage below publication threshold

  cleaning report:
    nothing excluded — every cell met the observation, basket and plausibility rules

  wrote 4 day(s) to apix_daily

APIx — Airfare Price Index      base 2026-09-01 = 100
method: weighted Jevons on minimum logical fares, seat-weighted, min 3 obs/cell

  day              APIx   routes  cells     obs   by lead time
  2026-09-01     100.00 *      6     30    2040   T+1 100.0  T+7 100.0  T+15 100.0  T+30 100.0  T+45 100.0
  2026-09-02      83.53 *      6      6   15816   T+1 83.53
  2026-09-03      98.59 *      6     30   15718   T+1 97.3  T+7 98.63  T+15 101.32  T+30 99.06  T+45 96.69
  2026-09-04      96.64 *      3      3   12188   T+1 96.64

  PROVISIONAL APIx = 96.64   (-3.36% against base)
  coverage: 34.8% of basket weight, 1 lead-time bucket(s)
  not published as headline: 35% of basket weight (needs 60%); 1 lead-time bucket(s) (needs 3)
  largest movers: DEL-BLR 78.1 (-21.9)   DEL-BOM 107.5 (+7.5)   BOM-BLR 103.9 (+3.9)

  * provisional — coverage below publication threshold

  cleaning report:
    nothing excluded — every cell met the observation, basket and plausibility rules

  wrote 4 day(s) to apix_daily

APIx — Airfare Price Index      base 2026-09-01 = 100
method: weighted Jevons on minimum logical fares, seat-weighted, min 3 obs/cell

  day              APIx   routes  cells     obs   by lead time
  2026-09-01     100.00 *      6     30    2040   T+1 100.0  T+7 100.0  T+15 100.0  T+30 100.0  T+45 100.0
  2026-09-02      83.53 *      6      6   15816   T+1 83.53
  2026-09-03      98.59 *      6     30   15718   T+1 97.3  T+7 98.63  T+15 101.32  T+30 99.06  T+45 96.69
  2026-09-04      96.64 *      3      3   12299   T+1 96.64

  PROVISIONAL APIx = 96.64   (-3.36% against base)
  coverage: 34.8% of basket weight, 1 lead-time bucket(s)
  not published as headline: 35% of basket weight (needs 60%); 1 lead-time bucket(s) (needs 3)
  largest movers: DEL-BLR 78.1 (-21.9)   DEL-BOM 107.5 (+7.5)   BOM-BLR 103.9 (+3.9)

  * provisional — coverage below publication threshold

  cleaning report:
    nothing excluded — every cell met the observation, basket and plausibility rules

  wrote 4 day(s) to apix_daily

APIx — Airfare Price Index      base 2026-09-01 = 100
method: weighted Jevons on minimum logical fares, seat-weighted, min 3 obs/cell

  day              APIx   routes  cells     obs   by lead time
  2026-09-01     100.00 *      6     30    2040   T+1 100.0  T+7 100.0  T+15 100.0  T+30 100.0  T+45 100.0
  2026-09-02      83.53 *      6      6   15816   T+1 83.53
  2026-09-03      98.59 *      6     30   15718   T+1 97.3  T+7 98.63  T+15 101.32  T+30 99.06  T+45 96.69
  2026-09-04      96.64 *      3      3   12409   T+1 96.64

  PROVISIONAL APIx = 96.64   (-3.36% against base)
  coverage: 34.8% of basket weight, 1 lead-time bucket(s)
  not published as headline: 35% of basket weight (needs 60%); 1 lead-time bucket(s) (needs 3)
  largest movers: DEL-BLR 78.1 (-21.9)   DEL-BOM 107.5 (+7.5)   BOM-BLR 103.9 (+3.9)

  * provisional — coverage below publication threshold

  cleaning report:
    nothing excluded — every cell met the observation, basket and plausibility rules

  wrote 4 day(s) to apix_daily

APIx — Airfare Price Index      base 2026-09-01 = 100
method: weighted Jevons on minimum logical fares, seat-weighted, min 3 obs/cell

  day              APIx   routes  cells     obs   by lead time
  2026-09-01     100.00 *      6     30    2040   T+1 100.0  T+7 100.0  T+15 100.0  T+30 100.0  T+45 100.0
  2026-09-02      83.53 *      6      6   15816   T+1 83.53
  2026-09-03      98.59 *      6     30   15718   T+1 97.3  T+7 98.63  T+15 101.32  T+30 99.06  T+45 96.69
  2026-09-04      96.64 *      3      3   12519   T+1 96.64

  PROVISIONAL APIx = 96.64   (-3.36% against base)
  coverage: 34.8% of basket weight, 1 lead-time bucket(s)
  not published as headline: 35% of basket weight (needs 60%); 1 lead-time bucket(s) (needs 3)
  largest movers: DEL-BLR 78.1 (-21.9)   DEL-BOM 107.5 (+7.5)   BOM-BLR 103.9 (+3.9)

  * provisional — coverage below publication threshold

  cleaning report:
    nothing excluded — every cell met the observation, basket and plausibility rules

  wrote 4 day(s) to apix_daily

APIx — Airfare Price Index      base 2026-09-01 = 100
method: weighted Jevons on minimum logical fares, seat-weighted, min 3 obs/cell

  day              APIx   routes  cells     obs   by lead time
  2026-09-01     100.00 *      6     30    2040   T+1 100.0  T+7 100.0  T+15 100.0  T+30 100.0  T+45 100.0
  2026-09-02      83.53 *      6      6   15816   T+1 83.53
  2026-09-03      98.59 *      6     30   15718   T+1 97.3  T+7 98.63  T+15 101.32  T+30 99.06  T+45 96.69
  2026-09-04      96.64 *      3      3   12630   T+1 96.64

  PROVISIONAL APIx = 96.64   (-3.36% against base)
  coverage: 34.8% of basket weight, 1 lead-time bucket(s)
  not published as headline: 35% of basket weight (needs 60%); 1 lead-time bucket(s) (needs 3)
  largest movers: DEL-BLR 78.1 (-21.9)   DEL-BOM 107.5 (+7.5)   BOM-BLR 103.9 (+3.9)

  * provisional — coverage below publication threshold

  cleaning report:
    nothing excluded — every cell met the observation, basket and plausibility rules

  wrote 4 day(s) to apix_daily

APIx — Airfare Price Index      base 2026-09-01 = 100
method: weighted Jevons on minimum logical fares, seat-weighted, min 3 obs/cell

  day              APIx   routes  cells     obs   by lead time
  2026-09-01     100.00 *      6     30    2040   T+1 100.0  T+7 100.0  T+15 100.0  T+30 100.0  T+45 100.0
  2026-09-02      83.53 *      6      6   15816   T+1 83.53
  2026-09-03      98.59 *      6     30   15718   T+1 97.3  T+7 98.63  T+15 101.32  T+30 99.06  T+45 96.69
  2026-09-04      93.38 *      3      3   12744   T+1 93.38

  PROVISIONAL APIx = 93.38   (-6.62% against base)
  coverage: 34.8% of basket weight, 1 lead-time bucket(s)
  not published as headline: 35% of basket weight (needs 60%); 1 lead-time bucket(s) (needs 3)
  largest movers: DEL-BLR 78.1 (-21.9)   BOM-BLR 103.9 (+3.9)   DEL-BOM 99.3 (-0.7)

  * provisional — coverage below publication threshold

  cleaning report:
    nothing excluded — every cell met the observation, basket and plausibility rules
  recorded 1 revision(s)

  wrote 4 day(s) to apix_daily

APIx — Airfare Price Index      base 2026-09-01 = 100
method: weighted Jevons on minimum logical fares, seat-weighted, min 3 obs/cell

  day              APIx   routes  cells     obs   by lead time
  2026-09-01     100.00 *      6     30    2040   T+1 100.0  T+7 100.0  T+15 100.0  T+30 100.0  T+45 100.0
  2026-09-02      83.53 *      6      6   15816   T+1 83.53
  2026-09-03      98.59 *      6     30   15718   T+1 97.3  T+7 98.63  T+15 101.32  T+30 99.06  T+45 96.69
  2026-09-04      93.38 *      3      3   12858   T+1 93.38

  PROVISIONAL APIx = 93.38   (-6.62% against base)
  coverage: 34.8% of basket weight, 1 lead-time bucket(s)
  not published as headline: 35% of basket weight (needs 60%); 1 lead-time bucket(s) (needs 3)
  largest movers: DEL-BLR 78.1 (-21.9)   BOM-BLR 103.9 (+3.9)   DEL-BOM 99.3 (-0.7)

  * provisional — coverage below publication threshold

  cleaning report:
    nothing excluded — every cell met the observation, basket and plausibility rules

  wrote 4 day(s) to apix_daily

APIx — Airfare Price Index      base 2026-09-01 = 100
method: weighted Jevons on minimum logical fares, seat-weighted, min 3 obs/cell

  day              APIx   routes  cells     obs   by lead time
  2026-09-01     100.00 *      6     30    2040   T+1 100.0  T+7 100.0  T+15 100.0  T+30 100.0  T+45 100.0
  2026-09-02      83.53 *      6      6   15816   T+1 83.53
  2026-09-03      98.59 *      6     30   15718   T+1 97.3  T+7 98.63  T+15 101.32  T+30 99.06  T+45 96.69
  2026-09-04      93.38 *      3      3   12965   T+1 93.38

  PROVISIONAL APIx = 93.38   (-6.62% against base)
  coverage: 34.8% of basket weight, 1 lead-time bucket(s)
  not published as headline: 35% of basket weight (needs 60%); 1 lead-time bucket(s) (needs 3)
  largest movers: DEL-BLR 78.1 (-21.9)   BOM-BLR 103.9 (+3.9)   DEL-BOM 99.3 (-0.7)

  * provisional — coverage below publication threshold

  cleaning report:
    nothing excluded — every cell met the observation, basket and plausibility rules

  wrote 4 day(s) to apix_daily

APIx — Airfare Price Index      base 2026-09-01 = 100
method: weighted Jevons on minimum logical fares, seat-weighted, min 3 obs/cell

  day              APIx   routes  cells     obs   by lead time
  2026-09-01     100.00 *      6     30    2040   T+1 100.0  T+7 100.0  T+15 100.0  T+30 100.0  T+45 100.0
  2026-09-02      83.53 *      6      6   15816   T+1 83.53
  2026-09-03      98.59 *      6     30   15718   T+1 97.3  T+7 98.63  T+15 101.32  T+30 99.06  T+45 96.69
  2026-09-04      93.38 *      3      3   13073   T+1 93.38

  PROVISIONAL APIx = 93.38   (-6.62% against base)
  coverage: 34.8% of basket weight, 1 lead-time bucket(s)
  not published as headline: 35% of basket weight (needs 60%); 1 lead-time bucket(s) (needs 3)
  largest movers: DEL-BLR 78.1 (-21.9)   BOM-BLR 103.9 (+3.9)   DEL-BOM 99.3 (-0.7)

  * provisional — coverage below publication threshold

  cleaning report:
    nothing excluded — every cell met the observation, basket and plausibility rules

  wrote 4 day(s) to apix_daily

APIx — Airfare Price Index      base 2026-09-01 = 100
method: weighted Jevons on minimum logical fares, seat-weighted, min 3 obs/cell

  day              APIx   routes  cells     obs   by lead time
  2026-09-01     100.00 *      6     30    2040   T+1 100.0  T+7 100.0  T+15 100.0  T+30 100.0  T+45 100.0
  2026-09-02      83.53 *      6      6   15816   T+1 83.53
  2026-09-03      98.59 *      6     30   15718   T+1 97.3  T+7 98.63  T+15 101.32  T+30 99.06  T+45 96.69
  2026-09-04      93.38 *      3      3   13182   T+1 93.38

  PROVISIONAL APIx = 93.38   (-6.62% against base)
  coverage: 34.8% of basket weight, 1 lead-time bucket(s)
  not published as headline: 35% of basket weight (needs 60%); 1 lead-time bucket(s) (needs 3)
  largest movers: DEL-BLR 78.1 (-21.9)   BOM-BLR 103.9 (+3.9)   DEL-BOM 99.3 (-0.7)

  * provisional — coverage below publication threshold

  cleaning report:
    nothing excluded — every cell met the observation, basket and plausibility rules

  wrote 4 day(s) to apix_daily

APIx — Airfare Price Index      base 2026-09-01 = 100
method: weighted Jevons on minimum logical fares, seat-weighted, min 3 obs/cell

  day              APIx   routes  cells     obs   by lead time
  2026-09-01     100.00 *      6     30    2040   T+1 100.0  T+7 100.0  T+15 100.0  T+30 100.0  T+45 100.0
  2026-09-02      83.53 *      6      6   15816   T+1 83.53
  2026-09-03      98.59 *      6     30   15718   T+1 97.3  T+7 98.63  T+15 101.32  T+30 99.06  T+45 96.69
  2026-09-04      93.38 *      3      3   13292   T+1 93.38

  PROVISIONAL APIx = 93.38   (-6.62% against base)
  coverage: 34.8% of basket weight, 1 lead-time bucket(s)
  not published as headline: 35% of basket weight (needs 60%); 1 lead-time bucket(s) (needs 3)
  largest movers: DEL-BLR 78.1 (-21.9)   BOM-BLR 103.9 (+3.9)   DEL-BOM 99.3 (-0.7)

  * provisional — coverage below publication threshold

  cleaning report:
    nothing excluded — every cell met the observation, basket and plausibility rules

  wrote 4 day(s) to apix_daily

APIx — Airfare Price Index      base 2026-09-01 = 100
method: weighted Jevons on minimum logical fares, seat-weighted, min 3 obs/cell

  day              APIx   routes  cells     obs   by lead time
  2026-09-01     100.00 *      6     30    2040   T+1 100.0  T+7 100.0  T+15 100.0  T+30 100.0  T+45 100.0
  2026-09-02      83.53 *      6      6   15816   T+1 83.53
  2026-09-03      98.59 *      6     30   15718   T+1 97.3  T+7 98.63  T+15 101.32  T+30 99.06  T+45 96.69
  2026-09-04      93.38 *      3      3   13398   T+1 93.38

  PROVISIONAL APIx = 93.38   (-6.62% against base)
  coverage: 34.8% of basket weight, 1 lead-time bucket(s)
  not published as headline: 35% of basket weight (needs 60%); 1 lead-time bucket(s) (needs 3)
  largest movers: DEL-BLR 78.1 (-21.9)   BOM-BLR 103.9 (+3.9)   DEL-BOM 99.3 (-0.7)

  * provisional — coverage below publication threshold

  cleaning report:
    nothing excluded — every cell met the observation, basket and plausibility rules

  wrote 4 day(s) to apix_daily

APIx — Airfare Price Index      base 2026-09-01 = 100
method: weighted Jevons on minimum logical fares, seat-weighted, min 3 obs/cell

  day              APIx   routes  cells     obs   by lead time
  2026-09-01     100.00 *      6     30    2040   T+1 100.0  T+7 100.0  T+15 100.0  T+30 100.0  T+45 100.0
  2026-09-02      83.53 *      6      6   15816   T+1 83.53
  2026-09-03      98.59 *      6     30   15718   T+1 97.3  T+7 98.63  T+15 101.32  T+30 99.06  T+45 96.69
  2026-09-04      93.38 *      3      3   13505   T+1 93.38

  PROVISIONAL APIx = 93.38   (-6.62% against base)
  coverage: 34.8% of basket weight, 1 lead-time bucket(s)
  not published as headline: 35% of basket weight (needs 60%); 1 lead-time bucket(s) (needs 3)
  largest movers: DEL-BLR 78.1 (-21.9)   BOM-BLR 103.9 (+3.9)   DEL-BOM 99.3 (-0.7)

  * provisional — coverage below publication threshold

  cleaning report:
    nothing excluded — every cell met the observation, basket and plausibility rules

  wrote 4 day(s) to apix_daily

APIx — Airfare Price Index      base 2026-09-01 = 100
method: weighted Jevons on minimum logical fares, seat-weighted, min 3 obs/cell

  day              APIx   routes  cells     obs   by lead time
  2026-09-01     100.00 *      6     30    2040   T+1 100.0  T+7 100.0  T+15 100.0  T+30 100.0  T+45 100.0
  2026-09-02      83.53 *      6      6   15816   T+1 83.53
  2026-09-03      98.59 *      6     30   15718   T+1 97.3  T+7 98.63  T+15 101.32  T+30 99.06  T+45 96.69
  2026-09-04      93.38 *      3      3   13612   T+1 93.38

  PROVISIONAL APIx = 93.38   (-6.62% against base)
  coverage: 34.8% of basket weight, 1 lead-time bucket(s)
  not published as headline: 35% of basket weight (needs 60%); 1 lead-time bucket(s) (needs 3)
  largest movers: DEL-BLR 78.1 (-21.9)   BOM-BLR 103.9 (+3.9)   DEL-BOM 99.3 (-0.7)

  * provisional — coverage below publication threshold

  cleaning report:
    nothing excluded — every cell met the observation, basket and plausibility rules

  wrote 4 day(s) to apix_daily

APIx — Airfare Price Index      base 2026-09-01 = 100
method: weighted Jevons on minimum logical fares, seat-weighted, min 3 obs/cell

  day              APIx   routes  cells     obs   by lead time
  2026-09-01     100.00 *      6     30    2040   T+1 100.0  T+7 100.0  T+15 100.0  T+30 100.0  T+45 100.0
  2026-09-02      83.53 *      6      6   15816   T+1 83.53
  2026-09-03      98.59 *      6     30   15718   T+1 97.3  T+7 98.63  T+15 101.32  T+30 99.06  T+45 96.69
  2026-09-04      93.38 *      3      3   13727   T+1 93.38

  PROVISIONAL APIx = 93.38   (-6.62% against base)
  coverage: 34.8% of basket weight, 1 lead-time bucket(s)
  not published as headline: 35% of basket weight (needs 60%); 1 lead-time bucket(s) (needs 3)
  largest movers: DEL-BLR 78.1 (-21.9)   BOM-BLR 103.9 (+3.9)   DEL-BOM 99.3 (-0.7)

  * provisional — coverage below publication threshold

  cleaning report:
    nothing excluded — every cell met the observation, basket and plausibility rules

  wrote 4 day(s) to apix_daily

APIx — Airfare Price Index      base 2026-09-01 = 100
method: weighted Jevons on minimum logical fares, seat-weighted, min 3 obs/cell

  day              APIx   routes  cells     obs   by lead time
  2026-09-01     100.00 *      6     30    2040   T+1 100.0  T+7 100.0  T+15 100.0  T+30 100.0  T+45 100.0
  2026-09-02      83.53 *      6      6   15816   T+1 83.53
  2026-09-03      98.59 *      6     30   15718   T+1 97.3  T+7 98.63  T+15 101.32  T+30 99.06  T+45 96.69
  2026-09-04      93.38 *      3      3   13833   T+1 93.38

  PROVISIONAL APIx = 93.38   (-6.62% against base)
  coverage: 34.8% of basket weight, 1 lead-time bucket(s)
  not published as headline: 35% of basket weight (needs 60%); 1 lead-time bucket(s) (needs 3)
  largest movers: DEL-BLR 78.1 (-21.9)   BOM-BLR 103.9 (+3.9)   DEL-BOM 99.3 (-0.7)

  * provisional — coverage below publication threshold

  cleaning report:
    nothing excluded — every cell met the observation, basket and plausibility rules

  wrote 4 day(s) to apix_daily

APIx — Airfare Price Index      base 2026-09-01 = 100
method: weighted Jevons on minimum logical fares, seat-weighted, min 3 obs/cell

  day              APIx   routes  cells     obs   by lead time
  2026-09-01     100.00 *      6     30    2040   T+1 100.0  T+7 100.0  T+15 100.0  T+30 100.0  T+45 100.0
  2026-09-02      83.53 *      6      6   15816   T+1 83.53
  2026-09-03      98.59 *      6     30   15718   T+1 97.3  T+7 98.63  T+15 101.32  T+30 99.06  T+45 96.69
  2026-09-04      93.38 *      3      3   13941   T+1 93.38

  PROVISIONAL APIx = 93.38   (-6.62% against base)
  coverage: 34.8% of basket weight, 1 lead-time bucket(s)
  not published as headline: 35% of basket weight (needs 60%); 1 lead-time bucket(s) (needs 3)
  largest movers: DEL-BLR 78.1 (-21.9)   BOM-BLR 103.9 (+3.9)   DEL-BOM 99.3 (-0.7)

  * provisional — coverage below publication threshold

  cleaning report:
    nothing excluded — every cell met the observation, basket and plausibility rules

  wrote 4 day(s) to apix_daily

APIx — Airfare Price Index      base 2026-09-01 = 100
method: weighted Jevons on minimum logical fares, seat-weighted, min 3 obs/cell

  day              APIx   routes  cells     obs   by lead time
  2026-09-01     100.00 *      6     30    2040   T+1 100.0  T+7 100.0  T+15 100.0  T+30 100.0  T+45 100.0
  2026-09-02      83.53 *      6      6   15816   T+1 83.53
  2026-09-03      98.59 *      6     30   15718   T+1 97.3  T+7 98.63  T+15 101.32  T+30 99.06  T+45 96.69
  2026-09-04      93.38 *      3      3   14051   T+1 93.38

  PROVISIONAL APIx = 93.38   (-6.62% against base)
  coverage: 34.8% of basket weight, 1 lead-time bucket(s)
  not published as headline: 35% of basket weight (needs 60%); 1 lead-time bucket(s) (needs 3)
  largest movers: DEL-BLR 78.1 (-21.9)   BOM-BLR 103.9 (+3.9)   DEL-BOM 99.3 (-0.7)

  * provisional — coverage below publication threshold

  cleaning report:
    nothing excluded — every cell met the observation, basket and plausibility rules

  wrote 4 day(s) to apix_daily

APIx — Airfare Price Index      base 2026-09-01 = 100
method: weighted Jevons on minimum logical fares, seat-weighted, min 3 obs/cell

  day              APIx   routes  cells     obs   by lead time
  2026-09-01     100.00 *      6     30    2040   T+1 100.0  T+7 100.0  T+15 100.0  T+30 100.0  T+45 100.0
  2026-09-02      83.53 *      6      6   15816   T+1 83.53
  2026-09-03      98.59 *      6     30   15718   T+1 97.3  T+7 98.63  T+15 101.32  T+30 99.06  T+45 96.69
  2026-09-04      93.38 *      3      3   14163   T+1 93.38

  PROVISIONAL APIx = 93.38   (-6.62% against base)
  coverage: 34.8% of basket weight, 1 lead-time bucket(s)
  not published as headline: 35% of basket weight (needs 60%); 1 lead-time bucket(s) (needs 3)
  largest movers: DEL-BLR 78.1 (-21.9)   BOM-BLR 103.9 (+3.9)   DEL-BOM 99.3 (-0.7)

  * provisional — coverage below publication threshold

  cleaning report:
    nothing excluded — every cell met the observation, basket and plausibility rules

  wrote 4 day(s) to apix_daily

APIx — Airfare Price Index      base 2026-09-01 = 100
method: weighted Jevons on minimum logical fares, seat-weighted, min 3 obs/cell

  day              APIx   routes  cells     obs   by lead time
  2026-09-01     100.00 *      6     30    2040   T+1 100.0  T+7 100.0  T+15 100.0  T+30 100.0  T+45 100.0
  2026-09-02      83.53 *      6      6   15816   T+1 83.53
  2026-09-03      98.59 *      6     30   15718   T+1 97.3  T+7 98.63  T+15 101.32  T+30 99.06  T+45 96.69
  2026-09-04      93.38 *      3      3   14270   T+1 93.38

  PROVISIONAL APIx = 93.38   (-6.62% against base)
  coverage: 34.8% of basket weight, 1 lead-time bucket(s)
  not published as headline: 35% of basket weight (needs 60%); 1 lead-time bucket(s) (needs 3)
  largest movers: DEL-BLR 78.1 (-21.9)   BOM-BLR 103.9 (+3.9)   DEL-BOM 99.3 (-0.7)

  * provisional — coverage below publication threshold

  cleaning report:
    nothing excluded — every cell met the observation, basket and plausibility rules

  wrote 4 day(s) to apix_daily

APIx — Airfare Price Index      base 2026-09-01 = 100
method: weighted Jevons on minimum logical fares, seat-weighted, min 3 obs/cell

  day              APIx   routes  cells     obs   by lead time
  2026-09-01     100.00 *      6     30    2040   T+1 100.0  T+7 100.0  T+15 100.0  T+30 100.0  T+45 100.0
  2026-09-02      83.53 *      6      6   15816   T+1 83.53
  2026-09-03      98.59 *      6     30   15718   T+1 97.3  T+7 98.63  T+15 101.32  T+30 99.06  T+45 96.69
  2026-09-04      93.38 *      3      3   14378   T+1 93.38

  PROVISIONAL APIx = 93.38   (-6.62% against base)
  coverage: 34.8% of basket weight, 1 lead-time bucket(s)
  not published as headline: 35% of basket weight (needs 60%); 1 lead-time bucket(s) (needs 3)
  largest movers: DEL-BLR 78.1 (-21.9)   BOM-BLR 103.9 (+3.9)   DEL-BOM 99.3 (-0.7)

  * provisional — coverage below publication threshold

  cleaning report:
    nothing excluded — every cell met the observation, basket and plausibility rules

  wrote 4 day(s) to apix_daily

APIx — Airfare Price Index      base 2026-09-01 = 100
method: weighted Jevons on minimum logical fares, seat-weighted, min 3 obs/cell

  day              APIx   routes  cells     obs   by lead time
  2026-09-01     100.00 *      6     30    2040   T+1 100.0  T+7 100.0  T+15 100.0  T+30 100.0  T+45 100.0
  2026-09-02      83.53 *      6      6   15816   T+1 83.53
  2026-09-03      98.59 *      6     30   15718   T+1 97.3  T+7 98.63  T+15 101.32  T+30 99.06  T+45 96.69
  2026-09-04      93.38 *      3      3   14455   T+1 93.38

  PROVISIONAL APIx = 93.38   (-6.62% against base)
  coverage: 34.8% of basket weight, 1 lead-time bucket(s)
  not published as headline: 35% of basket weight (needs 60%); 1 lead-time bucket(s) (needs 3)
  largest movers: DEL-BLR 78.1 (-21.9)   BOM-BLR 103.9 (+3.9)   DEL-BOM 99.3 (-0.7)

  * provisional — coverage below publication threshold

  cleaning report:
    nothing excluded — every cell met the observation, basket and plausibility rules

  wrote 4 day(s) to apix_daily

APIx — Airfare Price Index      base 2026-09-01 = 100
method: weighted Jevons on minimum logical fares, seat-weighted, min 3 obs/cell

  day              APIx   routes  cells     obs   by lead time
  2026-09-01     100.00 *      6     30    2040   T+1 100.0  T+7 100.0  T+15 100.0  T+30 100.0  T+45 100.0
  2026-09-02      83.53 *      6      6   15816   T+1 83.53
  2026-09-03      98.59 *      6     30   15718   T+1 97.3  T+7 98.63  T+15 101.32  T+30 99.06  T+45 96.69
  2026-09-04      93.38 *      3      3   14571   T+1 93.38

  PROVISIONAL APIx = 93.38   (-6.62% against base)
  coverage: 34.8% of basket weight, 1 lead-time bucket(s)
  not published as headline: 35% of basket weight (needs 60%); 1 lead-time bucket(s) (needs 3)
  largest movers: DEL-BLR 78.1 (-21.9)   BOM-BLR 103.9 (+3.9)   DEL-BOM 99.3 (-0.7)

  * provisional — coverage below publication threshold

  cleaning report:
    nothing excluded — every cell met the observation, basket and plausibility rules

  wrote 4 day(s) to apix_daily

APIx — Airfare Price Index      base 2026-09-01 = 100
method: weighted Jevons on minimum logical fares, seat-weighted, min 3 obs/cell

  day              APIx   routes  cells     obs   by lead time
  2026-09-01     100.00 *      6     30    2040   T+1 100.0  T+7 100.0  T+15 100.0  T+30 100.0  T+45 100.0
  2026-09-02      83.53 *      6      6   15816   T+1 83.53
  2026-09-03      98.59 *      6     30   15718   T+1 97.3  T+7 98.63  T+15 101.32  T+30 99.06  T+45 96.69
  2026-09-04      93.38 *      3      3   14676   T+1 93.38

  PROVISIONAL APIx = 93.38   (-6.62% against base)
  coverage: 34.8% of basket weight, 1 lead-time bucket(s)
  not published as headline: 35% of basket weight (needs 60%); 1 lead-time bucket(s) (needs 3)
  largest movers: DEL-BLR 78.1 (-21.9)   BOM-BLR 103.9 (+3.9)   DEL-BOM 99.3 (-0.7)

  * provisional — coverage below publication threshold

  cleaning report:
    nothing excluded — every cell met the observation, basket and plausibility rules

  wrote 4 day(s) to apix_daily

APIx — Airfare Price Index      base 2026-09-01 = 100
method: weighted Jevons on minimum logical fares, seat-weighted, min 3 obs/cell

  day              APIx   routes  cells     obs   by lead time
  2026-09-01     100.00 *      6     30    2040   T+1 100.0  T+7 100.0  T+15 100.0  T+30 100.0  T+45 100.0
  2026-09-02      83.53 *      6      6   15816   T+1 83.53
  2026-09-03      98.59 *      6     30   15718   T+1 97.3  T+7 98.63  T+15 101.32  T+30 99.06  T+45 96.69
  2026-09-04      93.38 *      3      3   14782   T+1 93.38

  PROVISIONAL APIx = 93.38   (-6.62% against base)
  coverage: 34.8% of basket weight, 1 lead-time bucket(s)
  not published as headline: 35% of basket weight (needs 60%); 1 lead-time bucket(s) (needs 3)
  largest movers: DEL-BLR 78.1 (-21.9)   BOM-BLR 103.9 (+3.9)   DEL-BOM 99.3 (-0.7)

  * provisional — coverage below publication threshold

  cleaning report:
    nothing excluded — every cell met the observation, basket and plausibility rules

  wrote 4 day(s) to apix_daily

APIx — Airfare Price Index      base 2026-09-01 = 100
method: weighted Jevons on minimum logical fares, seat-weighted, min 3 obs/cell

  day              APIx   routes  cells     obs   by lead time
  2026-09-01     100.00 *      6     30    2040   T+1 100.0  T+7 100.0  T+15 100.0  T+30 100.0  T+45 100.0
  2026-09-02      83.53 *      6      6   15816   T+1 83.53
  2026-09-03      98.59 *      6     30   15718   T+1 97.3  T+7 98.63  T+15 101.32  T+30 99.06  T+45 96.69
  2026-09-04      93.38 *      3      3   14782   T+1 93.38
  2026-09-05     113.93 *      3      3     107   T+1 113.93

  PROVISIONAL APIx = 113.93   (+13.93% against base)
  coverage: 34.8% of basket weight, 1 lead-time bucket(s)
  not published as headline: 35% of basket weight (needs 60%); 1 lead-time bucket(s) (needs 3)
  largest movers: BOM-BLR 116.4 (+16.4)   DEL-BOM 115.2 (+15.2)   DEL-BLR 110.2 (+10.2)

  * provisional — coverage below publication threshold

  cleaning report:
    nothing excluded — every cell met the observation, basket and plausibility rules

  wrote 5 day(s) to apix_daily

APIx — Airfare Price Index      base 2026-09-01 = 100
method: weighted Jevons on minimum logical fares, seat-weighted, min 3 obs/cell

  day              APIx   routes  cells     obs   by lead time
  2026-09-01     100.00 *      6     30    2040   T+1 100.0  T+7 100.0  T+15 100.0  T+30 100.0  T+45 100.0
  2026-09-02      83.53 *      6      6   15816   T+1 83.53
  2026-09-03      98.59 *      6     30   15718   T+1 97.3  T+7 98.63  T+15 101.32  T+30 99.06  T+45 96.69
  2026-09-04      93.38 *      3      3   14782   T+1 93.38
  2026-09-05     110.52 *      3      3     212   T+1 110.52

  PROVISIONAL APIx = 110.52   (+10.52% against base)
  coverage: 34.8% of basket weight, 1 lead-time bucket(s)
  not published as headline: 35% of basket weight (needs 60%); 1 lead-time bucket(s) (needs 3)
  largest movers: BOM-BLR 116.4 (+16.4)   DEL-BLR 110.2 (+10.2)   DEL-BOM 107.5 (+7.5)

  * provisional — coverage below publication threshold

  cleaning report:
    nothing excluded — every cell met the observation, basket and plausibility rules
  recorded 1 revision(s)

  wrote 5 day(s) to apix_daily

APIx — Airfare Price Index      base 2026-09-01 = 100
method: weighted Jevons on minimum logical fares, seat-weighted, min 3 obs/cell

  day              APIx   routes  cells     obs   by lead time
  2026-09-01     100.00 *      6     30    2040   T+1 100.0  T+7 100.0  T+15 100.0  T+30 100.0  T+45 100.0
  2026-09-02      83.53 *      6      6   15816   T+1 83.53
  2026-09-03      98.59 *      6     30   15718   T+1 97.3  T+7 98.63  T+15 101.32  T+30 99.06  T+45 96.69
  2026-09-04      93.38 *      3      3   14782   T+1 93.38
  2026-09-05     110.33 *      3      3     317   T+1 110.33

  PROVISIONAL APIx = 110.33   (+10.33% against base)
  coverage: 34.8% of basket weight, 1 lead-time bucket(s)
  not published as headline: 35% of basket weight (needs 60%); 1 lead-time bucket(s) (needs 3)
  largest movers: BOM-BLR 116.4 (+16.4)   DEL-BLR 109.5 (+9.5)   DEL-BOM 107.5 (+7.5)

  * provisional — coverage below publication threshold

  cleaning report:
    nothing excluded — every cell met the observation, basket and plausibility rules
  recorded 1 revision(s)

  wrote 5 day(s) to apix_daily

APIx — Airfare Price Index      base 2026-09-01 = 100
method: weighted Jevons on minimum logical fares, seat-weighted, min 3 obs/cell

  day              APIx   routes  cells     obs   by lead time
  2026-09-01     100.00 *      6     30    2040   T+1 100.0  T+7 100.0  T+15 100.0  T+30 100.0  T+45 100.0
  2026-09-02      83.53 *      6      6   15816   T+1 83.53
  2026-09-03      98.59 *      6     30   15718   T+1 97.3  T+7 98.63  T+15 101.32  T+30 99.06  T+45 96.69
  2026-09-04      93.38 *      3      3   14782   T+1 93.38
  2026-09-05     108.27 *      3      3     432   T+1 108.27

  PROVISIONAL APIx = 108.27   (+8.27% against base)
  coverage: 34.8% of basket weight, 1 lead-time bucket(s)
  not published as headline: 35% of basket weight (needs 60%); 1 lead-time bucket(s) (needs 3)
  largest movers: DEL-BLR 109.5 (+9.5)   BOM-BLR 108.2 (+8.2)   DEL-BOM 107.5 (+7.5)

  * provisional — coverage below publication threshold

  cleaning report:
    nothing excluded — every cell met the observation, basket and plausibility rules
  recorded 1 revision(s)

  wrote 5 day(s) to apix_daily

APIx — Airfare Price Index      base 2026-09-01 = 100
method: weighted Jevons on minimum logical fares, seat-weighted, min 3 obs/cell

  day              APIx   routes  cells     obs   by lead time
  2026-09-01     100.00 *      6     30    2040   T+1 100.0  T+7 100.0  T+15 100.0  T+30 100.0  T+45 100.0
  2026-09-02      83.53 *      6      6   15816   T+1 83.53
  2026-09-03      98.59 *      6     30   15718   T+1 97.3  T+7 98.63  T+15 101.32  T+30 99.06  T+45 96.69
  2026-09-04      93.38 *      3      3   14782   T+1 93.38
  2026-09-05     108.27 *      3      3     539   T+1 108.27

  PROVISIONAL APIx = 108.27   (+8.27% against base)
  coverage: 34.8% of basket weight, 1 lead-time bucket(s)
  not published as headline: 35% of basket weight (needs 60%); 1 lead-time bucket(s) (needs 3)
  largest movers: DEL-BLR 109.5 (+9.5)   BOM-BLR 108.2 (+8.2)   DEL-BOM 107.5 (+7.5)

  * provisional — coverage below publication threshold

  cleaning report:
    nothing excluded — every cell met the observation, basket and plausibility rules

  wrote 5 day(s) to apix_daily

APIx — Airfare Price Index      base 2026-09-01 = 100
method: weighted Jevons on minimum logical fares, seat-weighted, min 3 obs/cell

  day              APIx   routes  cells     obs   by lead time
  2026-09-01     100.00 *      6     30    2040   T+1 100.0  T+7 100.0  T+15 100.0  T+30 100.0  T+45 100.0
  2026-09-02      83.53 *      6      6   15816   T+1 83.53
  2026-09-03      98.59 *      6     30   15718   T+1 97.3  T+7 98.63  T+15 101.32  T+30 99.06  T+45 96.69
  2026-09-04      93.38 *      3      3   14782   T+1 93.38
  2026-09-05     108.27 *      3      3     645   T+1 108.27

  PROVISIONAL APIx = 108.27   (+8.27% against base)
  coverage: 34.8% of basket weight, 1 lead-time bucket(s)
  not published as headline: 35% of basket weight (needs 60%); 1 lead-time bucket(s) (needs 3)
  largest movers: DEL-BLR 109.5 (+9.5)   BOM-BLR 108.2 (+8.2)   DEL-BOM 107.5 (+7.5)

  * provisional — coverage below publication threshold

  cleaning report:
    nothing excluded — every cell met the observation, basket and plausibility rules

  wrote 5 day(s) to apix_daily

APIx — Airfare Price Index      base 2026-09-01 = 100
method: weighted Jevons on minimum logical fares, seat-weighted, min 3 obs/cell

  day              APIx   routes  cells     obs   by lead time
  2026-09-01     100.00 *      6     30    2040   T+1 100.0  T+7 100.0  T+15 100.0  T+30 100.0  T+45 100.0
  2026-09-02      83.53 *      6      6   15816   T+1 83.53
  2026-09-03      98.59 *      6     30   15718   T+1 97.3  T+7 98.63  T+15 101.32  T+30 99.06  T+45 96.69
  2026-09-04      93.38 *      3      3   14782   T+1 93.38
  2026-09-05     108.27 *      3      3     748   T+1 108.27

  PROVISIONAL APIx = 108.27   (+8.27% against base)
  coverage: 34.8% of basket weight, 1 lead-time bucket(s)
  not published as headline: 35% of basket weight (needs 60%); 1 lead-time bucket(s) (needs 3)
  largest movers: DEL-BLR 109.5 (+9.5)   BOM-BLR 108.2 (+8.2)   DEL-BOM 107.5 (+7.5)

  * provisional — coverage below publication threshold

  cleaning report:
    nothing excluded — every cell met the observation, basket and plausibility rules

  wrote 5 day(s) to apix_daily

APIx — Airfare Price Index      base 2026-09-01 = 100
method: weighted Jevons on minimum logical fares, seat-weighted, min 3 obs/cell

  day              APIx   routes  cells     obs   by lead time
  2026-09-01     100.00 *      6     30    2040   T+1 100.0  T+7 100.0  T+15 100.0  T+30 100.0  T+45 100.0
  2026-09-02      83.53 *      6      6   15816   T+1 83.53
  2026-09-03      98.59 *      6     30   15718   T+1 97.3  T+7 98.63  T+15 101.32  T+30 99.06  T+45 96.69
  2026-09-04      93.38 *      3      3   14782   T+1 93.38
  2026-09-05     108.27 *      3      3     855   T+1 108.27

  PROVISIONAL APIx = 108.27   (+8.27% against base)
  coverage: 34.8% of basket weight, 1 lead-time bucket(s)
  not published as headline: 35% of basket weight (needs 60%); 1 lead-time bucket(s) (needs 3)
  largest movers: DEL-BLR 109.5 (+9.5)   BOM-BLR 108.2 (+8.2)   DEL-BOM 107.5 (+7.5)

  * provisional — coverage below publication threshold

  cleaning report:
    nothing excluded — every cell met the observation, basket and plausibility rules

  wrote 5 day(s) to apix_daily
